,End_Order,End_Datum,Ret_Aantal
2653935,501760,23-02-2021,5.0
2653948,501760,23-02-2021,4.0
2687829,505856,12-03-2021,6.0
1618647,438274,18-07-2018,6.0
2687862,505857,13-03-2021,6.0
1179874,401412,12-12-2016,1.0
2390024,487246,20-07-2020,11.0
2390032,487246,20-07-2020,13.0
2390041,487246,20-07-2020,12.0
1535120,432134,10-04-2018,7.0
1649844,440326,03-09-2018,8.0
1649853,440326,03-09-2018,10.0
1649900,440326,03-09-2018,5.0
1649905,440326,03-09-2018,8.0
1649909,440326,03-09-2018,3.0
1649931,440326,03-09-2018,9.0
1650329,440326,03-09-2018,4.0
1650344,440326,03-09-2018,3.0
1650357,440326,03-09-2018,5.0
1650360,440326,03-09-2018,5.0
1653491,440326,03-09-2018,3.0
1671937,440326,03-09-2018,0.0
1272555,413704,02-06-2017,6.0
1272557,413704,02-06-2017,12.0
2629156,501769,18-01-2021,2.0
1372379,419848,25-09-2017,10.0
958621,389131,23-11-2015,7.0
958637,389131,23-11-2015,5.0
742585,370700,30-09-2014,7.0
742612,370700,30-09-2014,7.0
742613,370700,30-09-2014,10.0
742617,370700,30-09-2014,4.0
742631,370700,30-09-2014,4.0
742637,370700,30-09-2014,7.0
1720044,444428,22-10-2018,12.0
993144,391180,26-01-2016,3.0
2271045,481295,03-04-2020,4.0
2271051,481295,03-04-2020,5.0
2208687,477200,11-02-2020,8.0
2271256,481297,03-04-2020,4.0
2271272,481297,03-04-2020,5.0
2271411,481298,03-04-2020,5.0
2771509,505875,07-05-2021,2.0
2271522,481299,03-04-2020,3.0
2370999,487442,02-07-2020,8.0
1484281,428055,02-02-2018,6.0
1484282,428055,02-02-2018,7.0
1776751,446493,07-12-2018,3.0
1776753,446493,07-12-2018,6.0
1197994,407584,03-02-2017,4.0
2663662,503841,25-02-2021,36.0
2663673,503841,25-02-2021,4.0
2663678,503841,25-02-2021,44.0
2481538,493603,24-09-2020,2.0
1886161,456741,19-04-2019,4.0
615700,362534,29-11-2013,20.0
2766948,509993,11-05-2021,6.0
2767006,509993,11-05-2021,2.0
2669335,503850,25-02-2021,16.0
2669385,503850,25-02-2021,14.0
2281828,466989,09-04-2020,4.0
1073392,397359,05-07-2016,5.0
1131757,397359,07-10-2016,29.0
1548490,426032,06-12-2017,9.0
782439,374833,28-11-2014,6.0
854484,380977,06-05-2015,19.0
2250560,479281,13-03-2020,2.0
1342212,413747,27-07-2017,3.0
2309255,483376,08-05-2020,2.0
2354791,483378,12-06-2020,10.0
2354842,483378,12-06-2020,3.0
911166,385076,24-08-2015,12.0
911176,385076,24-08-2015,2.0
2080031,469048,01-11-2019,11.0
1396636,419895,16-10-2017,5.0
1113367,399418,19-09-2016,4.0
1245675,407610,12-04-2017,4.0
1527139,432188,11-04-2018,2.0
1527153,432188,11-04-2018,26.0
1527179,432188,11-04-2018,20.0
2689112,505917,14-03-2021,6.0
1218779,409661,10-03-2017,50.0
1886927,456763,23-04-2019,19.0
1886945,456763,23-04-2019,4.0
1828592,452672,12-03-2019,14.0
1113388,399425,19-09-2016,4.0
911243,385096,24-08-2015,5.0
911247,385096,24-08-2015,9.0
1275331,413770,18-05-2017,11.0
1275332,413770,18-05-2017,1.0
703042,368715,07-07-2014,49.0
850125,376908,24-04-2015,13.0
850157,376908,24-04-2015,9.0
850173,376908,24-04-2015,1.0
1771290,448586,05-12-2018,12.0
1771301,448586,05-12-2018,2.0
1771313,448586,05-12-2018,12.0
1771321,448586,05-12-2018,1.0
1407127,421964,13-10-2017,9.0
1195270,407633,31-01-2017,7.0
2111207,471122,08-11-2019,5.0
2111210,471122,08-11-2019,4.0
1650754,440401,03-09-2018,5.0
2384005,483409,03-07-2020,14.0
1815422,450642,31-01-2019,8.0
1815424,450642,31-01-2019,7.0
778059,374870,18-11-2014,15.0
778012,374871,17-11-2014,11.0
778017,374871,17-11-2014,10.0
1856356,454741,25-03-2019,11.0
1429912,424021,17-11-2017,4.0
1169253,405594,23-12-2016,17.0
777966,374874,17-11-2014,46.0
1093152,399452,04-08-2016,12.0
1650825,440410,18-10-2018,8.0
1650828,440410,18-10-2018,8.0
1650846,440410,18-10-2018,5.0
2513428,493662,14-10-2020,1.0
2513433,493662,14-10-2020,3.0
2513442,493662,14-10-2020,4.0
740032,372831,25-09-2014,7.0
2169882,469088,13-12-2019,9.0
1269606,409697,12-05-2017,1.0
1269607,409697,12-05-2017,13.0
1260795,409697,02-05-2017,4.0
1344992,417884,09-08-2017,12.0
682244,368739,02-06-2014,10.0
682269,368739,02-06-2014,7.0
3016723,518238,30-11-2021,6.0
2383757,485475,03-07-2020,1.0
2383760,485475,03-07-2020,4.0
2526805,485475,23-10-2020,5.0
2526808,485475,23-10-2020,6.0
1590802,436326,18-06-2018,10.0
682329,368743,02-06-2014,15.0
682350,368743,02-06-2014,16.0
1176059,401511,15-12-2016,4.0
745539,372838,03-10-2014,9.0
745575,372838,03-10-2014,8.0
2238890,479334,03-03-2020,6.0
2241435,479338,12-03-2020,12.0
1378805,419942,27-09-2017,7.0
1381242,419942,27-09-2017,25.0
682428,368749,02-06-2014,22.0
682429,368749,02-06-2014,23.0
682430,368749,02-06-2014,9.0
682434,368749,02-06-2014,11.0
2595927,499821,13-03-2021,8.0
846706,381037,04-05-2015,16.0
846721,381037,04-05-2015,15.0
1720503,442482,22-10-2018,6.0
1720539,442482,22-10-2018,5.0
1708479,442483,12-10-2018,10.0
1708516,442483,12-10-2018,2.0
1710345,442483,15-10-2018,3.0
2757663,505972,10-05-2021,7.0
2757664,505972,10-05-2021,9.0
2757677,505972,10-05-2021,7.0
2757738,505972,10-05-2021,4.0
1352377,411762,28-08-2017,13.0
1352379,411762,28-08-2017,16.0
1352381,411762,28-08-2017,1.0
1352384,411762,28-08-2017,5.0
1352393,411762,28-08-2017,16.0
1352403,411762,28-08-2017,4.0
1352404,411762,28-08-2017,7.0
1352410,411762,28-08-2017,5.0
1352411,411762,28-08-2017,6.0
1352419,411762,28-08-2017,1.0
1352423,411762,28-08-2017,8.0
1246798,411766,21-04-2017,12.0
1246804,411766,21-04-2017,12.0
846761,381042,04-05-2015,15.0
2661215,503928,18-02-2021,6.0
2661273,503928,18-02-2021,4.0
1932136,458873,06-06-2019,10.0
1953058,458873,12-06-2019,2.0
1139951,403577,29-10-2016,3.0
2277022,477304,02-04-2020,2.0
846840,381050,04-05-2015,10.0
846870,381050,04-05-2015,7.0
2437246,483445,24-08-2020,1.0
2437249,483445,24-08-2020,6.0
2466074,483445,21-09-2020,8.0
2466198,483445,21-09-2020,3.0
2466220,483445,21-09-2020,3.0
2484080,493694,28-09-2020,8.0
2611028,499838,21-12-2020,4.0
2561000,483447,13-11-2020,3.0
2561022,483447,13-11-2020,8.0
2561056,483447,13-11-2020,9.0
2635327,501889,18-01-2021,2.0
2186226,475266,09-01-2020,8.0
854556,381058,08-05-2015,6.0
854569,381058,08-05-2015,6.0
1419814,424068,11-11-2017,7.0
1195873,407685,01-02-2017,3.0
1251330,411782,20-04-2017,8.0
1251345,411782,20-04-2017,8.0
1231626,409735,23-03-2017,3.0
1332232,415877,21-07-2017,10.0
1329953,415877,19-07-2017,5.0
1335593,415877,28-07-2017,12.0
1335636,415877,28-07-2017,7.0
1540164,415877,16-03-2018,-2.0
2738946,508041,16-04-2021,7.0
2738961,508041,16-04-2021,3.0
1887675,456841,19-04-2019,7.0
1070238,397451,07-07-2016,4.0
1317124,411787,10-07-2017,16.0
1317135,411787,10-07-2017,7.0
1346371,411787,14-08-2017,2.0
1352494,411787,28-08-2017,3.0
1352496,411787,28-08-2017,1.0
1352553,411787,28-08-2017,1.0
1324962,413840,17-07-2017,20.0
1044211,395413,12-05-2016,58.0
1065936,395413,22-06-2016,4.0
1065938,395413,22-06-2016,12.0
1065940,395413,22-06-2016,3.0
2299191,475285,22-04-2020,5.0
722807,370840,21-08-2014,10.0
2009390,463008,30-08-2019,8.0
2383786,487584,10-07-2020,10.0
798932,376995,23-01-2015,1.0
1699807,440487,04-10-2018,1.0
1708718,440487,15-10-2018,3.0
1708723,440487,15-10-2018,5.0
1727968,440487,29-10-2018,5.0
1727970,440487,29-10-2018,1.0
1793130,440487,20-12-2018,3.0
1793133,440487,20-12-2018,2.0
1793156,440487,20-12-2018,1.0
1864730,440487,04-04-2019,8.0
1864737,440487,04-04-2019,11.0
1864768,440487,04-04-2019,7.0
1864770,440487,04-04-2019,4.0
1864822,440487,04-04-2019,17.0
1864829,440487,04-04-2019,4.0
1502151,428200,02-03-2018,14.0
1537227,428200,16-04-2018,1.0
1247325,411819,20-04-2017,7.0
1247330,411819,20-04-2017,6.0
1247355,411819,20-04-2017,5.0
2731991,503981,12-04-2021,2.0
1619879,438449,20-07-2018,10.0
1376455,420019,29-09-2017,7.0
1731905,442548,02-11-2018,3.0
1731920,442548,02-11-2018,1.0
1762132,446645,29-11-2018,7.0
1762147,446645,29-11-2018,11.0
1762154,446645,29-11-2018,10.0
1762173,446645,29-11-2018,7.0
1762211,446645,29-11-2018,3.0
1762214,446645,29-11-2018,2.0
1762276,446645,29-11-2018,2.0
1394732,420020,16-10-2017,13.0
1402942,420020,17-10-2017,7.0
2600386,497847,11-12-2020,4.0
2535984,493753,28-10-2020,8.0
1888459,456890,17-04-2019,8.0
2380658,485563,06-07-2020,6.0
2380665,485563,06-07-2020,5.0
1121947,399548,04-10-2016,50.0
2420098,489658,18-08-2020,9.0
2420112,489658,18-08-2020,6.0
2535975,491710,17-10-2020,0.0
1393668,417982,13-10-2017,3.0
1639078,434368,25-07-2018,1.0
1639108,434368,25-07-2018,2.0
1639123,434368,25-07-2018,2.0
1265126,409792,08-05-2017,17.0
1265134,409792,08-05-2017,6.0
1303466,409792,23-06-2017,1.0
1303474,409792,23-06-2017,15.0
1303477,409792,23-06-2017,3.0
1303488,409792,23-06-2017,1.0
1331727,409792,21-07-2017,2.0
1786506,448704,18-12-2018,10.0
1857668,454849,20-03-2019,1.0
684307,368837,02-06-2014,6.0
1561063,430279,13-04-2018,6.0
1561071,430279,13-04-2018,5.0
2304903,483528,25-05-2020,8.0
1780321,448715,21-12-2018,9.0
2166732,473292,11-12-2019,7.0
2166744,473292,11-12-2019,5.0
1561116,430287,01-05-2018,3.0
2048352,467151,20-09-2019,1.0
990543,391378,19-01-2016,1.0
990567,391378,19-01-2016,11.0
990571,391378,19-01-2016,11.0
1458947,426196,20-12-2017,2.0
1458951,426196,20-12-2017,2.0
2599438,499924,15-12-2020,6.0
2599456,499924,15-12-2020,12.0
961379,389332,27-11-2015,13.0
961405,389332,27-11-2015,18.0
961418,389332,27-11-2015,5.0
987470,389332,01-12-2015,1.0
2048905,467159,27-09-2019,23.0
1858930,454870,26-03-2019,3.0
1896859,456924,17-05-2019,14.0
1896878,456924,17-05-2019,16.0
2315613,483551,13-05-2020,3.0
2659339,504032,26-02-2021,7.0
2659346,504032,26-02-2021,5.0
1116522,389344,26-09-2016,6.0
1352311,411875,28-08-2017,1.0
1352325,411875,28-08-2017,3.0
2425540,489700,17-08-2020,7.0
2425560,489700,17-08-2020,2.0
2425563,489700,17-08-2020,18.0
2425586,489700,17-08-2020,13.0
1038687,395493,03-05-2016,37.0
1038691,395493,03-05-2016,2.0
1038721,395493,03-05-2016,3.0
1038733,395493,03-05-2016,48.0
1920722,458983,14-05-2019,16.0
1920733,458983,14-05-2019,5.0
1920738,458983,14-05-2019,5.0
1920756,458983,14-05-2019,11.0
1045401,395495,12-05-2016,6.0
1045427,395495,12-05-2016,4.0
1986479,463079,11-07-2019,4.0
1155646,403687,21-11-2016,6.0
2879496,516329,30-08-2021,4.0
2879511,516329,30-08-2021,5.0
1017708,393452,18-03-2016,9.0
1859028,450795,26-03-2019,5.0
1859036,450795,26-03-2019,5.0
2305374,483565,10-07-2020,7.0
848720,381167,08-05-2015,3.0
848730,381167,08-05-2015,3.0
1743104,424168,15-11-2018,22.0
1116463,401650,30-09-2016,9.0
1244050,409843,06-04-2017,21.0
1695253,442613,28-09-2018,13.0
1695265,442613,28-09-2018,1.0
1695266,442613,28-09-2018,13.0
1763327,442613,27-11-2018,0.0
1052464,395513,30-05-2016,13.0
1982907,463098,19-07-2019,5.0
1982912,463098,19-07-2019,3.0
1047467,395515,23-05-2016,9.0
1835660,452862,22-02-2019,6.0
2663407,504065,23-02-2021,16.0
2663411,504065,23-02-2021,12.0
2710280,506119,25-03-2021,3.0
2710281,506119,25-03-2021,3.0
1152407,403720,14-11-2016,4.0
1548459,426250,11-12-2017,10.0
1548468,426250,11-12-2017,6.0
1974571,459018,05-07-2019,18.0
1906038,456974,24-05-2019,5.0
1958117,461071,19-06-2019,6.0
2646579,502031,29-01-2021,4.0
909776,385301,27-08-2015,14.0
2240914,479511,07-03-2020,11.0
852492,381209,29-04-2015,4.0
1394935,422169,16-10-2017,5.0
1394956,422169,20-10-2017,6.0
2312629,483612,13-05-2020,7.0
2312639,483612,13-05-2020,8.0
852500,381213,29-04-2015,6.0
1469651,426273,08-01-2018,7.0
2188176,475425,13-01-2020,7.0
1341642,418084,04-08-2017,3.0
1341653,418084,04-08-2017,5.0
2708701,497957,30-01-2021,5.0
2708704,497957,30-01-2021,5.0
2708709,497957,30-01-2021,1.0
2708710,497957,30-01-2021,1.0
686019,368934,05-06-2014,10.0
686050,368934,05-06-2014,9.0
1303987,416041,24-07-2017,2.0
2599925,500012,18-12-2020,9.0
1269570,409900,12-05-2017,3.0
1269573,409900,12-05-2017,8.0
1260792,409900,02-05-2017,1.0
2527376,493873,23-10-2020,3.0
2295346,479538,15-04-2020,12.0
2295352,479538,15-04-2020,3.0
2114420,471347,07-11-2019,2.0
753825,370996,15-10-2014,14.0
2350054,483638,08-06-2020,12.0
2485327,493879,30-09-2020,5.0
2319717,483641,20-05-2020,7.0
1143386,403773,04-11-2016,20.0
2693609,506173,16-03-2021,1.0
2693611,506173,16-03-2021,1.0
1168395,401729,02-12-2016,6.0
1484128,428354,07-02-2018,6.0
2153714,473411,13-12-2019,5.0
2552056,495943,06-11-2020,5.0
1063949,397641,27-06-2016,16.0
1197291,407884,07-02-2017,10.0
1310116,416082,03-07-2017,11.0
1310126,416082,03-07-2017,22.0
697510,368979,26-06-2014,21.0
1438810,422226,27-11-2017,14.0
1417549,422231,07-11-2017,11.0
2383582,488128,16-07-2020,4.0
2533781,495965,28-10-2020,6.0
1454534,426334,15-12-2017,8.0
965057,389472,23-11-2015,4.0
973411,389472,02-12-2015,11.0
1803953,450681,05-02-2019,14.0
981016,389474,18-12-2015,10.0
1508696,430436,12-03-2018,4.0
909337,385382,27-08-2015,9.0
599135,360813,21-10-2013,11.0
582760,360813,24-10-2013,30.0
599735,360813,24-10-2013,42.0
599737,360813,24-10-2013,31.0
1683692,442733,29-09-2018,16.0
2428972,487792,27-07-2020,3.0
2429465,487792,12-08-2020,2.0
1338743,409973,31-07-2017,3.0
1338769,409973,31-07-2017,15.0
1338777,409973,31-07-2017,5.0
1338793,409973,31-07-2017,17.0
2694335,506230,15-03-2021,6.0
1334743,416120,26-07-2017,1.0
1352446,416120,28-08-2017,2.0
1893553,457080,18-04-2019,13.0
2349648,485755,18-06-2020,18.0
2220579,477564,21-02-2020,9.0
1206043,407933,21-02-2017,4.0
2590901,495998,04-12-2020,7.0
2590913,495998,04-12-2020,16.0
2590922,495998,04-12-2020,1.0
1630124,430468,16-07-2018,9.0
1630146,430468,16-07-2018,7.0
1717901,444807,26-10-2018,8.0
1717921,444807,26-10-2018,7.0
1481722,428424,09-01-2018,1.0
1481748,428424,10-01-2018,11.0
1587217,428424,31-03-2018,4.0
1587223,428424,31-03-2018,1.0
1627521,428424,12-07-2018,8.0
1627523,428424,12-07-2018,6.0
1636344,428424,20-07-2018,27.0
1836418,428424,21-01-2019,7.0
1807034,428424,22-01-2019,2.0
1807035,428424,22-01-2019,1.0
1561329,428425,07-05-2018,7.0
638614,364936,11-02-2014,5.0
638655,364936,11-02-2014,6.0
640903,364936,18-02-2014,5.0
2419185,489869,24-07-2020,4.0
1344531,418190,09-08-2017,4.0
1344533,418190,09-08-2017,4.0
2740201,502163,19-04-2021,3.0
2740208,502163,19-04-2021,9.0
2474054,491925,15-09-2020,3.0
2343044,485784,17-06-2020,7.0
1862766,455065,28-03-2019,20.0
1862788,455065,28-03-2019,30.0
1090886,397726,04-08-2016,14.0
1174307,405921,13-12-2016,2.0
2214654,477603,14-02-2020,6.0
1146090,397732,04-11-2016,30.0
1150374,397732,08-11-2016,12.0
2613275,498085,21-12-2020,2.0
2613300,498085,21-12-2020,3.0
699730,369060,25-06-2014,12.0
699749,369060,25-06-2014,13.0
1464369,420264,21-12-2017,15.0
2780958,508332,19-05-2021,1.0
1369871,420269,06-10-2017,12.0
1266551,407983,15-05-2017,4.0
1266561,407983,15-05-2017,7.0
1985392,463280,19-07-2019,7.0
1985394,463280,19-07-2019,6.0
1505366,430513,15-03-2018,4.0
1505371,430513,15-03-2018,4.0
2644639,502194,28-01-2021,3.0
2644641,502194,28-01-2021,6.0
2644645,502194,28-01-2021,6.0
1236482,410035,31-03-2017,29.0
2317105,483759,08-05-2020,5.0
1860722,455092,13-05-2019,8.0
973436,389557,02-12-2015,2.0
973442,389557,02-12-2015,19.0
1065262,397754,12-07-2016,2.0
1065279,397754,12-07-2016,7.0
2695602,506301,16-03-2021,6.0
2083115,469438,31-10-2019,11.0
2083132,469438,31-10-2019,7.0
1971260,461247,28-06-2019,12.0
2455898,491968,25-09-2020,28.0
2455911,491968,25-09-2020,32.0
2455933,491968,25-09-2020,29.0
2695643,506302,17-03-2021,6.0
2695676,506303,18-03-2021,6.0
1952044,451005,14-06-2019,5.0
1952064,451005,14-06-2019,6.0
851528,381381,20-05-2015,9.0
1441667,424390,28-11-2017,6.0
1441679,424390,28-11-2017,3.0
2377521,487245,03-07-2020,4.0
2377545,487245,03-07-2020,6.0
2377562,487245,03-07-2020,6.0
2377571,487245,03-07-2020,1.0
2377584,487245,03-07-2020,4.0
2377596,487245,03-07-2020,1.0
1594999,436681,26-06-2018,8.0
2646694,502218,28-01-2021,2.0
2695811,506313,19-03-2021,6.0
2452857,489928,02-09-2020,9.0
1505668,430541,16-03-2018,2.0
1505674,430541,16-03-2018,4.0
1642910,438733,27-07-2018,5.0
1642919,438733,27-07-2018,4.0
1226566,410063,24-03-2017,10.0
1226569,410063,24-03-2017,3.0
2381700,487887,24-07-2020,3.0
2381737,487887,24-07-2020,4.0
2021596,465361,16-09-2019,14.0
1151072,403922,10-11-2016,31.0
2460023,491987,10-09-2020,13.0
2460027,491987,10-09-2020,12.0
2460036,491987,10-09-2020,12.0
1198940,408017,21-02-2017,5.0
1065526,397781,12-07-2016,28.0
1065527,397781,12-07-2016,6.0
1408284,418264,27-10-2017,11.0
1408324,418264,27-10-2017,4.0
1408352,418264,27-10-2017,2.0
1399757,418264,19-10-2017,4.0
1399771,418264,19-10-2017,8.0
1401192,418264,19-10-2017,4.0
1401212,418264,19-10-2017,6.0
1401250,418264,19-10-2017,6.0
1401253,418264,19-10-2017,5.0
1401271,418264,19-10-2017,5.0
1043458,395737,12-05-2016,7.0
1043463,395737,12-05-2016,8.0
1605593,436698,09-07-2018,36.0
1756882,444889,22-11-2018,25.0
784729,375264,20-11-2014,8.0
654003,365025,18-03-2014,1.0
687100,365025,13-06-2014,6.0
712670,365025,18-07-2014,9.0
712671,365025,18-07-2014,13.0
712672,365025,18-07-2014,12.0
712686,365025,18-07-2014,2.0
2177606,469474,31-12-2019,6.0
2177633,469474,31-12-2019,12.0
2177669,469474,31-12-2019,33.0
2177673,469474,31-12-2019,17.0
2216342,477666,20-02-2020,10.0
982485,385510,17-12-2015,6.0
2617884,496106,18-12-2020,2.0
1040575,395755,13-05-2016,11.0
2751841,508394,22-04-2021,4.0
1505961,430573,13-03-2018,14.0
2282402,481778,17-04-2020,4.0
2282411,481778,17-04-2020,5.0
2282414,481778,17-04-2020,9.0
2282426,481778,17-04-2020,2.0
1436885,422393,21-11-2017,3.0
1436886,422393,21-11-2017,3.0
1864511,451066,25-03-2019,9.0
2281156,481789,23-04-2020,8.0
2281173,481789,23-04-2020,6.0
2664086,504318,24-02-2021,9.0
2664010,504319,03-03-2021,2.0
2664029,504319,03-03-2021,4.0
2745196,508416,29-04-2021,33.0
2745197,508416,29-04-2021,1.0
2745230,508416,29-04-2021,20.0
2745283,508416,29-04-2021,3.0
873605,381439,11-06-2015,10.0
1096038,399877,17-08-2016,16.0
2022834,465413,04-10-2019,7.0
883525,381446,01-07-2015,4.0
1341693,418311,07-08-2017,9.0
1341701,418311,07-08-2017,10.0
2215438,477705,12-02-2020,2.0
2253570,479757,10-04-2020,27.0
2253579,479757,10-04-2020,1.0
2253615,479757,10-04-2020,3.0
2253631,479757,10-04-2020,27.0
2253703,479757,10-04-2020,27.0
2741870,506383,19-04-2021,5.0
2741919,506385,19-04-2021,2.0
1303511,410129,23-06-2017,3.0
1145054,401943,03-11-2016,7.0
2770143,510489,12-05-2021,5.0
1685255,442910,27-09-2018,7.0
1131688,401952,10-10-2016,6.0
1131696,401952,10-10-2016,4.0
2736860,508449,21-04-2021,5.0
2736863,508449,21-04-2021,5.0
2745905,508449,12-05-2021,1.0
2745915,508449,12-05-2021,3.0
2745923,508449,12-05-2021,4.0
2745938,508449,12-05-2021,5.0
2745942,508449,12-05-2021,4.0
2745944,508449,12-05-2021,1.0
2745945,508449,12-05-2021,1.0
2745966,508449,12-05-2021,1.0
2745974,508449,12-05-2021,3.0
2745986,508449,12-05-2021,1.0
2604639,500258,16-12-2020,9.0
599106,360996,21-10-2013,23.0
599684,360996,23-10-2013,16.0
599651,360996,22-10-2013,32.0
2652378,502310,05-02-2021,4.0
2610179,500263,18-12-2020,6.0
1500077,424488,16-02-2018,1.0
1500096,424488,16-02-2018,15.0
1500102,424488,16-02-2018,1.0
1500108,424488,16-02-2018,2.0
1500139,424488,16-02-2018,5.0
1511986,424488,16-03-2018,1.0
1558815,432686,03-05-2018,7.0
2216873,477745,14-02-2020,3.0
917109,381489,09-09-2015,13.0
1395739,422449,01-11-2017,11.0
2737928,508471,13-04-2021,7.0
1280691,414264,04-07-2017,5.0
1280703,414264,04-07-2017,7.0
1987869,463424,23-07-2019,2.0
1067479,397891,30-06-2016,8.0
969141,389704,30-11-2015,8.0
969172,389704,30-11-2015,5.0
1718465,445005,02-11-2018,7.0
1718466,445005,02-11-2018,11.0
1444718,424526,04-12-2017,5.0
2606418,500303,08-01-2021,2.0
2606439,500303,08-01-2021,1.0
2581132,498260,17-12-2020,12.0
2637267,502358,28-01-2021,9.0
1198534,406102,07-02-2017,17.0
2023041,463448,21-08-2019,11.0
2747581,506457,23-04-2021,41.0
2747592,506457,23-04-2021,1.0
2747630,506457,23-04-2021,11.0
1281010,414297,12-06-2017,13.0
1281012,414297,12-06-2017,18.0
1281016,414297,12-06-2017,11.0
1281035,414297,12-06-2017,19.0
2000397,459355,31-07-2019,5.0
2000408,459355,31-07-2019,4.0
2395394,488025,18-07-2020,6.0
1281056,414304,19-06-2017,11.0
1281059,414304,19-06-2017,19.0
1281075,414304,19-06-2017,18.0
1281083,414304,19-06-2017,13.0
1281096,414305,26-06-2017,11.0
1281098,414305,26-06-2017,18.0
1281107,414305,26-06-2017,19.0
1281122,414305,26-06-2017,13.0
2707277,506468,05-04-2021,3.0
2707279,506468,05-04-2021,8.0
1344515,418404,09-08-2017,2.0
2181879,473703,19-12-2019,6.0
1715546,445031,09-11-2018,6.0
1452154,424552,08-12-2017,7.0
2698147,506474,24-03-2021,6.0
2698188,506476,06-04-2021,6.0
1731520,445038,02-11-2018,6.0
1731522,445038,02-11-2018,13.0
1771111,442991,05-12-2018,5.0
1771118,442991,05-12-2018,3.0
1771128,442991,05-12-2018,2.0
1771156,442991,05-12-2018,5.0
1771158,442991,05-12-2018,3.0
2058980,467568,27-09-2019,3.0
2059010,467568,27-09-2019,3.0
2067796,465521,01-10-2019,9.0
2066165,467570,30-09-2019,19.0
2371396,486003,19-06-2020,3.0
2371415,486003,19-06-2020,2.0
1134891,402036,21-10-2016,13.0
2429156,490097,07-09-2020,3.0
2429159,490097,07-09-2020,5.0
2613164,496246,18-12-2020,18.0
2613184,496246,18-12-2020,16.0
2565579,498295,23-12-2020,6.0
2565580,498295,23-12-2020,6.0
1310556,416376,13-07-2017,21.0
1355449,416378,01-09-2017,19.0
1355465,416378,01-09-2017,13.0
1355474,416378,01-09-2017,11.0
1355480,416378,01-09-2017,18.0
2124235,457338,03-11-2019,33.0
2124309,457338,03-11-2019,6.0
2124332,457338,03-11-2019,12.0
2124342,457338,03-11-2019,17.0
1335014,416380,29-07-2017,36.0
1160219,404094,25-11-2016,37.0
2120418,471680,11-11-2019,3.0
2120425,471680,11-11-2019,3.0
2218007,475776,28-02-2020,10.0
1562695,432770,09-05-2018,5.0
1562704,432770,09-05-2018,4.0
1562717,432770,09-05-2018,14.0
1549636,432770,26-04-2018,4.0
1549645,432770,26-04-2018,4.0
1590711,432770,06-06-2018,4.0
1590720,432770,06-06-2018,4.0
1590741,432770,06-06-2018,5.0
1590747,432770,06-06-2018,5.0
1639952,432770,24-07-2018,5.0
1639958,432770,24-07-2018,6.0
1639965,432770,24-07-2018,6.0
1639979,432770,24-07-2018,8.0
776719,375429,19-11-2014,4.0
776726,375429,19-11-2014,1.0
1708756,440965,15-10-2018,9.0
1708760,440965,15-10-2018,10.0
1725597,440965,29-10-2018,2.0
1771577,440965,05-12-2018,10.0
1771580,440965,05-12-2018,2.0
2252697,479880,17-03-2020,7.0
2252704,479880,17-03-2020,4.0
1962105,461449,27-06-2019,12.0
1962108,461449,27-06-2019,6.0
2566031,498316,15-12-2020,8.0
2566032,498316,15-12-2020,2.0
2566037,498316,15-12-2020,1.0
1178309,406157,19-12-2016,5.0
1178324,406157,19-12-2016,3.0
1178328,406157,19-12-2016,4.0
2474169,492174,15-09-2020,4.0
2483052,492175,22-09-2020,6.0
2743662,508556,16-04-2021,3.0
2743663,508556,16-04-2021,8.0
1462840,426641,21-12-2017,11.0
2194752,475792,21-01-2020,6.0
1178401,406166,20-12-2016,4.0
1178407,406166,20-12-2016,11.0
1353084,418455,04-09-2017,4.0
1464471,422550,22-12-2017,2.0
1464481,422550,22-12-2017,16.0
1464506,422550,22-12-2017,4.0
1464529,422550,22-12-2017,6.0
1178507,406171,20-12-2016,8.0
1178519,406171,20-12-2016,4.0
1461240,426654,21-12-2017,3.0
1369305,420510,30-10-2017,13.0
1369310,420510,30-10-2017,18.0
1369314,420510,30-10-2017,11.0
1369328,420510,30-10-2017,19.0
1036954,391839,29-04-2016,7.0
1036957,391839,29-04-2016,3.0
1170790,404132,05-12-2016,3.0
1178577,406182,21-12-2016,8.0
1178590,406182,21-12-2016,9.0
2506056,494248,08-10-2020,6.0
1178606,406184,21-12-2016,7.0
1178608,406184,21-12-2016,11.0
663303,367274,18-04-2014,21.0
1290709,414376,13-06-2017,15.0
2006724,463532,30-07-2019,12.0
733122,371372,29-08-2014,7.0
733141,371372,29-08-2014,6.0
963270,385714,18-11-2015,14.0
969117,389811,30-11-2015,9.0
1810710,451252,11-02-2019,1.0
1810711,451252,11-02-2019,3.0
1810722,451252,11-02-2019,1.0
2317390,481974,08-05-2020,5.0
2426203,488118,21-06-2021,6.0
2758321,506552,30-04-2021,1.0
1339175,416447,01-08-2017,52.0
2309025,481984,01-05-2020,1.0
2343560,481984,02-06-2020,2.0
2343566,481984,02-06-2020,2.0
2431461,481984,07-08-2020,3.0
2431481,481984,07-08-2020,2.0
1344731,418496,31-08-2017,16.0
1344769,418496,31-08-2017,14.0
2086697,469698,18-10-2019,5.0
2086703,469698,18-10-2019,5.0
778750,375490,24-11-2014,9.0
778794,375490,24-11-2014,9.0
778800,375490,24-11-2014,8.0
778802,375490,24-11-2014,11.0
1369724,420545,27-09-2017,9.0
726132,371397,01-09-2014,11.0
1369676,420546,27-09-2017,12.0
1560809,432839,08-05-2018,1.0
1586088,432839,01-06-2018,3.0
1586103,432839,01-06-2018,6.0
1616217,432839,29-06-2018,6.0
1616222,432839,29-06-2018,2.0
1577951,432840,25-05-2018,2.0
747714,373448,07-10-2014,7.0
2255897,479944,16-03-2020,1.0
2276609,479944,02-04-2020,2.0
2276624,479944,02-04-2020,4.0
2276631,479944,02-04-2020,1.0
2055574,467659,20-09-2019,10.0
2280090,479947,06-04-2020,2.0
2280127,479947,06-04-2020,2.0
1546181,432846,04-05-2018,6.0
1546205,432846,04-05-2018,3.0
2055632,467662,20-09-2019,10.0
1760529,445134,28-11-2018,7.0
1760571,445134,28-11-2018,4.0
1760582,445134,28-11-2018,2.0
1638766,436945,23-07-2018,3.0
2883021,514770,02-08-2021,4.0
2883024,514770,02-08-2021,4.0
2883027,514770,02-08-2021,3.0
2153880,469715,05-12-2019,3.0
2153886,469715,05-12-2019,4.0
2153908,469715,05-12-2019,1.0
1927738,459478,07-06-2019,5.0
931907,385752,06-10-2015,37.0
1641507,432857,24-07-2018,5.0
1410609,420568,27-10-2017,5.0
1435087,420568,27-10-2017,17.0
1262106,412380,06-05-2017,8.0
1262128,412380,06-05-2017,9.0
1990970,463581,25-07-2019,12.0
2547388,496350,13-11-2020,10.0
2546878,496351,13-11-2020,2.0
2546893,496351,13-11-2020,4.0
2546912,496351,13-11-2020,10.0
1173644,404190,09-12-2016,20.0
2700213,506592,30-03-2021,6.0
2248972,479968,16-03-2020,6.0
2248991,479968,16-03-2020,3.0
2348287,486110,23-06-2020,16.0
1976913,461545,01-07-2019,3.0
1866888,455404,01-04-2019,1.0
1866900,455404,01-04-2019,4.0
1981586,461551,08-07-2019,2.0
1981610,461551,08-07-2019,3.0
1661876,441071,19-09-2018,2.0
1661881,441071,19-09-2018,5.0
2057583,457460,20-09-2019,12.0
2061275,457460,20-09-2019,1.0
2087770,457460,04-11-2019,1.0
2183135,457460,31-12-2019,2.0
2123374,471798,21-11-2019,12.0
2511769,494327,19-10-2020,6.0
2532748,492280,29-10-2020,3.0
2532770,492280,29-10-2020,4.0
2532785,492280,29-10-2020,5.0
2529653,492280,27-10-2020,9.0
2529692,492280,27-10-2020,9.0
2529695,492280,27-10-2020,7.0
1429446,424697,16-11-2017,9.0
1695377,443133,05-10-2018,10.0
1695383,443133,05-10-2018,14.0
1959866,461569,28-06-2019,6.0
1959872,461569,28-06-2019,7.0
1071665,398083,04-07-2016,5.0
1071696,398083,04-07-2016,7.0
1147639,400132,07-11-2016,4.0
1540555,432901,20-04-2018,17.0
2087549,469766,18-10-2019,6.0
2087562,469766,18-10-2019,6.0
1044955,393993,18-04-2016,30.0
2419429,488204,23-07-2020,2.0
1719314,445197,09-11-2018,8.0
1719346,445197,09-11-2018,9.0
2463669,492302,25-09-2020,3.0
2640014,502542,26-01-2021,2.0
2640025,502542,26-01-2021,2.0
1742417,445198,09-11-2018,9.0
1742431,445198,09-11-2018,15.0
1086332,398097,26-07-2016,7.0
1928130,457489,20-05-2019,0.0
1900857,457489,03-05-2019,8.0
1900898,457489,03-05-2019,8.0
1274568,412436,12-05-2017,7.0
1274574,412436,12-05-2017,8.0
1348203,412436,17-08-2017,1.0
1023022,394005,06-04-2016,68.0
2494162,494357,01-10-2020,7.0
2619446,496407,22-12-2020,5.0
693808,369430,19-06-2014,5.0
693810,369430,19-06-2014,7.0
693813,369430,19-06-2014,12.0
2173810,467738,20-12-2019,11.0
2173830,467738,20-12-2019,8.0
1070837,398117,02-07-2016,4.0
1940622,459558,03-06-2019,1.0
1940629,459558,03-06-2019,8.0
1153885,402215,15-11-2016,3.0
977753,389926,01-02-2016,37.0
1074366,398121,29-07-2016,15.0
1074359,398122,27-07-2016,14.0
1748960,447274,22-11-2018,9.0
1748968,447274,22-11-2018,11.0
1433901,424744,01-12-2017,5.0
1431005,424744,30-11-2017,3.0
1431015,424744,30-11-2017,11.0
1431023,424744,30-11-2017,13.0
1431034,424744,30-11-2017,3.0
1689193,443183,26-09-2018,3.0
1689208,443183,26-09-2018,4.0
1748321,447280,10-01-2019,9.0
1748328,447280,10-01-2019,10.0
1748336,447280,10-01-2019,8.0
1634228,437041,25-07-2018,4.0
1634245,437041,25-07-2018,3.0
1757065,437041,22-11-2018,7.0
1918447,437041,10-05-2019,1.0
1141043,402228,27-10-2016,13.0
2040597,465730,21-09-2019,17.0
2040606,465730,21-09-2019,21.0
2040614,465730,21-09-2019,18.0
2254187,480074,22-03-2020,5.0
1972507,461643,01-07-2019,6.0
1972516,461643,01-07-2019,6.0
1150345,404301,14-11-2016,27.0
2034106,465744,18-09-2019,11.0
2034121,465744,18-09-2019,12.0
2171760,473936,10-01-2020,11.0
2171762,473936,10-01-2020,8.0
2171771,473936,10-01-2020,16.0
2373442,486225,23-06-2020,4.0
879902,381781,26-06-2015,10.0
1075546,398166,07-07-2016,6.0
1075552,398166,07-07-2016,3.0
1438740,424791,23-11-2017,6.0
1980012,459608,05-07-2019,6.0
1160122,404313,25-11-2016,7.0
1160134,404313,25-11-2016,12.0
2138056,471896,21-11-2019,4.0
2240546,475993,04-03-2020,3.0
1357382,414554,01-09-2017,9.0
1538502,432989,30-04-2018,4.0
1538510,432989,30-04-2018,6.0
2544069,496478,04-11-2020,5.0
1105719,400222,05-09-2016,5.0
1110125,400222,12-09-2016,53.0
667837,367455,25-04-2014,8.0
667855,367455,25-04-2014,10.0
667890,367455,25-04-2014,11.0
667897,367455,25-04-2014,11.0
2590772,498527,30-11-2020,2.0
1837029,451417,01-03-2019,4.0
1837034,451417,01-03-2019,6.0
1899613,457564,02-05-2019,9.0
1960937,461668,21-06-2019,8.0
599073,361321,28-10-2013,2.0
1155703,402282,21-11-2016,16.0
2595434,498539,04-12-2020,4.0
2595448,498539,04-12-2020,4.0
2595495,498539,04-12-2020,3.0
941343,387946,24-10-2015,16.0
941367,387946,24-10-2015,29.0
973458,389993,02-12-2015,9.0
2525710,494446,23-10-2020,4.0
781027,371567,21-11-2014,25.0
1508935,428912,16-04-2018,49.0
974525,389995,03-12-2015,11.0
1403510,422763,26-10-2017,10.0
1403526,422763,26-10-2017,2.0
1403570,422763,26-10-2017,15.0
1403580,422763,26-10-2017,6.0
1403628,422763,26-10-2017,2.0
1088577,398195,25-07-2016,4.0
1885278,455541,12-04-2019,7.0
685485,367479,16-05-2014,13.0
685493,367479,16-05-2014,6.0
685498,367479,16-05-2014,14.0
685502,367479,16-05-2014,14.0
685519,367479,16-05-2014,20.0
2478700,492408,21-09-2020,4.0
2231326,476024,28-02-2020,11.0
2231334,476024,28-02-2020,10.0
2508366,492410,09-10-2020,5.0
2518990,492410,16-10-2020,5.0
2548850,492410,09-11-2020,2.0
2563991,492410,17-11-2020,2.0
1511379,430970,21-03-2018,24.0
755706,373632,20-10-2014,15.0
755726,373632,20-10-2014,13.0
2748351,508803,23-04-2021,7.0
2669139,504708,04-03-2021,6.0
2669159,504708,04-03-2021,8.0
2748528,508804,23-04-2021,8.0
1840462,453507,06-03-2019,9.0
1840467,453507,06-03-2019,3.0
2387600,488323,16-07-2020,15.0
1046398,396169,19-05-2016,11.0
858501,381833,21-05-2015,17.0
1331246,416651,19-07-2017,6.0
1331251,416651,19-07-2017,7.0
2224057,476045,17-02-2020,4.0
771201,373646,27-10-2014,15.0
941487,387981,22-10-2015,2.0
1127366,400272,06-10-2016,2.0
1100727,400275,30-08-2016,9.0
2654316,500627,05-02-2021,18.0
2654337,500627,05-02-2021,16.0
752385,373651,15-10-2014,15.0
783240,375704,25-11-2014,2.0
1104281,400281,06-09-2016,8.0
1347521,418713,08-09-2017,7.0
1108181,400283,07-09-2016,6.0
2669452,500636,25-02-2021,14.0
2221804,478110,21-02-2020,12.0
755633,373663,20-10-2014,13.0
1849505,453535,13-03-2019,4.0
1849506,453535,13-03-2019,13.0
1849519,453535,13-03-2019,3.0
1849568,453535,13-03-2019,13.0
1431783,424864,23-11-2017,2.0
708074,369571,10-07-2014,17.0
708106,369571,10-07-2014,7.0
708114,369571,10-07-2014,7.0
708143,369571,10-07-2014,14.0
2283779,482214,16-04-2020,3.0
1814989,451496,13-02-2019,11.0
1815070,451496,13-02-2019,1.0
2106827,469929,31-10-2019,5.0
2106830,469929,31-10-2019,5.0
2094033,469929,21-10-2019,9.0
2138782,469929,22-11-2019,12.0
2138809,469929,22-11-2019,3.0
2138821,469929,22-11-2019,9.0
755610,373679,20-10-2014,40.0
1871602,455600,12-04-2019,3.0
1871608,455600,12-04-2019,12.0
1051232,396209,19-06-2016,25.0
2440992,489469,27-08-2020,2.0
2632633,500665,19-01-2021,4.0
755590,373690,20-10-2014,26.0
2576480,498619,13-12-2020,10.0
2576494,498619,13-12-2020,5.0
2576499,498619,13-12-2020,4.0
1813724,451515,08-02-2019,4.0
1813727,451515,08-02-2019,4.0
730712,371645,17-09-2014,4.0
730718,371645,17-09-2014,8.0
2616535,500671,08-01-2021,2.0
1884432,455615,10-05-2019,12.0
1884522,455615,05-05-2019,18.0
755575,373698,20-10-2014,46.0
727973,371651,02-09-2014,25.0
2479257,492485,09-10-2020,8.0
2616569,500677,08-01-2021,2.0
1548531,426955,22-12-2017,7.0
1548541,426955,22-12-2017,4.0
1548561,426955,22-12-2017,5.0
1548565,426955,22-12-2017,5.0
1548580,426955,22-12-2017,6.0
1548588,426955,22-12-2017,2.0
1467618,426956,23-12-2017,5.0
726599,371660,29-08-2014,12.0
726600,371660,29-08-2014,8.0
726611,371660,29-08-2014,10.0
726619,371660,29-08-2014,10.0
726623,371660,29-08-2014,2.0
2141384,467918,22-11-2019,3.0
2537996,496591,30-10-2020,2.0
2537998,496591,30-10-2020,2.0
2538026,496591,30-10-2020,2.0
2538028,496591,30-10-2020,2.0
1155126,402384,18-11-2016,16.0
2721707,506832,02-04-2021,3.0
1384942,412629,02-10-2017,21.0
1759076,447445,26-11-2018,22.0
755560,373719,20-10-2014,14.0
2462314,492506,09-09-2020,5.0
1231088,406490,27-03-2017,84.0
2609394,494556,16-12-2020,4.0
755522,373724,20-10-2014,11.0
2499537,494558,09-10-2020,14.0
2670753,504799,26-02-2021,3.0
2670758,504799,26-02-2021,3.0
1264778,408539,08-05-2017,6.0
1264790,408539,08-05-2017,5.0
926999,386020,23-10-2015,3.0
927002,386020,23-10-2015,2.0
1054396,396263,06-06-2016,11.0
697545,369639,26-06-2014,17.0
2230056,478184,28-02-2020,5.0
2230063,478184,28-02-2020,10.0
2657808,500714,12-02-2021,9.0
2676561,500714,02-03-2021,9.0
1847725,453609,11-03-2019,8.0
693925,369646,23-06-2014,16.0
2129490,472048,02-12-2019,7.0
1801295,449521,14-01-2019,5.0
1801315,449521,14-01-2019,1.0
932185,386033,08-10-2015,6.0
932201,386033,08-10-2015,4.0
737715,371700,19-09-2014,7.0
740961,371700,26-09-2014,15.0
741003,371700,26-09-2014,1.0
741011,371700,26-09-2014,7.0
741015,371700,26-09-2014,26.0
2462923,492534,10-09-2020,6.0
1627494,437241,13-07-2018,7.0
1634395,437241,19-07-2018,10.0
1634401,437241,19-07-2018,5.0
1634421,437241,19-07-2018,11.0
1642626,437241,03-08-2018,2.0
1642628,437241,03-08-2018,2.0
1642648,437241,03-08-2018,11.0
1642658,437241,03-08-2018,7.0
1720138,437241,22-10-2018,6.0
1780615,437241,14-12-2018,5.0
1780620,437241,14-12-2018,15.0
1780622,437241,14-12-2018,10.0
1820853,437241,11-02-2019,10.0
1820871,437241,11-02-2019,7.0
1573679,435198,24-05-2018,13.0
1573685,435198,24-05-2018,12.0
1173671,404482,09-12-2016,11.0
1173687,404482,09-12-2016,2.0
2770981,508931,06-05-2021,8.0
1537951,431110,30-04-2018,7.0
1215982,408594,03-03-2017,8.0
914673,386066,16-09-2015,3.0
2752408,508953,26-04-2021,3.0
2752440,508953,26-04-2021,3.0
2273564,478234,31-03-2020,2.0
2219601,472092,12-02-2020,17.0
2219619,472092,12-02-2020,9.0
777743,371742,21-11-2014,5.0
1208540,408607,24-02-2017,12.0
1208549,408607,24-02-2017,4.0
2222996,478238,20-02-2020,9.0
1571530,433189,18-05-2018,28.0
1561838,433189,11-05-2018,12.0
1395441,420901,16-10-2017,3.0
1395450,420901,16-10-2017,8.0
1395479,420901,16-10-2017,3.0
2061551,468013,30-09-2019,2.0
2061556,468013,30-09-2019,3.0
2535842,496686,04-11-2020,5.0
1655115,433198,17-08-2018,1.0
1718335,433198,19-10-2018,2.0
1934659,459825,03-06-2019,8.0
1964679,461874,27-06-2019,7.0
2224314,478257,19-02-2020,5.0
1408513,414769,27-10-2017,13.0
1421343,414769,27-11-2017,9.0
2366599,486450,26-06-2020,10.0
2057305,465974,11-10-2019,4.0
1153962,400439,15-11-2016,3.0
1720108,441400,26-10-2018,3.0
1064897,394297,23-06-2016,11.0
1081607,394297,04-07-2016,2.0
2371197,486646,24-06-2020,4.0
2356784,486647,24-06-2020,17.0
2356812,486647,24-06-2020,7.0
1573229,422966,28-05-2018,10.0
1702789,422966,10-10-2018,7.0
1784152,422966,13-12-2018,1.0
1836269,449601,25-02-2019,6.0
1836273,449601,25-02-2019,7.0
1836283,449601,25-02-2019,5.0
1823050,449601,11-02-2019,1.0
1852584,449601,13-03-2019,0.0
1022404,394306,06-04-2016,4.0
1074708,398406,22-07-2016,4.0
1074720,398406,22-07-2016,6.0
1353599,418887,25-08-2017,14.0
2757853,506952,23-04-2021,1.0
2757917,506952,23-04-2021,2.0
2757939,506952,23-04-2021,29.0
2757945,506952,23-04-2021,11.0
1492849,429129,19-02-2018,11.0
1149206,402505,04-11-2016,37.0
1149230,402507,04-11-2016,12.0
1707066,443468,15-10-2018,3.0
1707074,443468,15-10-2018,8.0
1707093,443468,15-10-2018,3.0
1612722,437325,02-07-2018,8.0
1612752,437325,02-07-2018,11.0
1819434,449608,11-02-2019,1.0
1819437,449608,11-02-2019,1.0
1852578,449608,13-03-2019,0.0
1831749,449608,26-02-2019,4.0
1831802,449608,26-02-2019,3.0
1831807,449608,26-02-2019,2.0
1150546,402512,08-11-2016,13.0
2396797,488533,10-08-2020,7.0
2396839,488533,10-08-2020,7.0
2396852,488533,10-08-2020,4.0
2396876,488533,10-08-2020,4.0
1232993,410711,28-03-2017,3.0
647345,365660,07-03-2014,6.0
647405,365660,07-03-2014,5.0
1972044,461919,01-07-2019,4.0
1292647,414815,19-06-2017,26.0
2394300,486496,08-07-2020,6.0
2373689,486497,25-06-2020,9.0
2373283,486498,26-06-2020,9.0
2373324,486498,26-06-2020,6.0
2413607,488548,23-07-2020,6.0
1843293,453733,28-03-2019,9.0
2502067,494695,05-10-2020,2.0
2701003,494695,19-03-2021,1.0
2701023,494695,19-03-2021,12.0
2701035,494695,19-03-2021,7.0
2701040,494695,19-03-2021,6.0
2673087,494695,01-03-2021,1.0
2673089,494695,01-03-2021,1.0
1903070,457831,13-05-2019,11.0
1574939,435306,01-06-2018,4.0
1434902,425068,23-11-2017,11.0
1628007,437357,23-07-2018,4.0
757779,371822,20-10-2014,9.0
2458043,490607,04-09-2020,3.0
717462,367730,06-07-2014,8.0
2032720,466034,05-09-2019,7.0
2032867,466038,11-09-2019,11.0
2032878,466038,11-09-2019,7.0
1627931,437366,13-07-2018,6.0
1627964,437366,13-07-2018,5.0
2168241,474231,17-12-2019,5.0
2168247,474231,17-12-2019,5.0
861102,382076,20-05-2015,2.0
861103,382076,20-05-2015,3.0
879033,382077,23-06-2015,9.0
2130229,472190,15-11-2019,2.0
2130236,472190,15-11-2019,2.0
1798918,447614,12-12-2018,6.0
1798924,447614,12-12-2018,6.0
1639465,437383,27-07-2018,4.0
1639511,437383,27-07-2018,4.0
1639516,437383,27-07-2018,3.0
1639545,437383,27-07-2018,4.0
1639555,437383,27-07-2018,4.0
1639560,437383,27-07-2018,6.0
2663231,502924,25-02-2021,1.0
2663235,502924,25-02-2021,2.0
2663245,502924,25-02-2021,1.0
2224251,478350,21-02-2020,17.0
2868782,507023,20-07-2021,9.0
2897277,507023,16-08-2021,9.0
2897309,507023,16-08-2021,12.0
2897319,507023,16-08-2021,2.0
861497,382096,29-05-2015,4.0
861524,382096,29-05-2015,4.0
2391410,482446,03-07-2020,32.0
2391479,482446,03-07-2020,29.0
1608942,433298,26-06-2018,1.0
1620310,433298,10-07-2018,25.0
1624934,433298,11-07-2018,20.0
1760986,433298,27-11-2018,5.0
1760999,433298,27-11-2018,13.0
2646530,502931,05-02-2021,6.0
2646541,502931,05-02-2021,6.0
1790981,447635,21-12-2018,10.0
1800604,449685,11-01-2019,4.0
1294839,412822,02-06-2017,24.0
1278967,412823,23-05-2017,13.0
1278995,412823,23-05-2017,8.0
1407009,423062,24-10-2017,10.0
858471,380063,13-05-2015,14.0
1492544,429216,15-02-2018,10.0
1794049,449699,15-01-2019,4.0
2166140,470182,20-12-2019,4.0
2166154,470182,20-12-2019,2.0
2373858,480423,22-06-2020,4.0
2373865,480423,22-06-2020,4.0
2003987,464040,09-09-2019,5.0
2004011,464040,09-09-2019,9.0
2323789,484522,19-05-2020,4.0
2323811,484522,19-05-2020,4.0
2323854,484523,19-05-2020,5.0
2323884,484523,19-05-2020,2.0
1183102,402604,22-12-2016,27.0
1816548,451756,05-02-2019,10.0
1816558,451756,05-02-2019,9.0
1354142,418991,28-08-2017,12.0
1354143,418991,28-08-2017,15.0
1141803,402608,01-11-2016,4.0
679373,367793,19-05-2014,2.0
2751763,505010,22-04-2021,8.0
2751794,505010,22-04-2021,2.0
1738400,445619,08-11-2018,2.0
1738436,445619,08-11-2018,2.0
1096118,398516,16-08-2016,11.0
1090334,398516,28-07-2016,24.0
1093292,398516,04-08-2016,5.0
1552103,433332,26-04-2018,2.0
782489,371892,28-11-2014,8.0
782510,371892,28-11-2014,1.0
782535,371892,28-11-2014,5.0
2310748,482482,11-05-2020,10.0
1410583,421041,27-10-2017,5.0
1972289,462009,31-07-2019,12.0
1972292,462009,31-07-2019,16.0
1972297,462009,31-07-2019,12.0
1582177,431289,29-05-2018,3.0
1582183,431289,29-05-2018,6.0
2171478,474298,09-01-2020,10.0
2171487,474298,09-01-2020,15.0
712789,369854,18-07-2014,5.0
712790,369854,18-07-2014,9.0
712817,369854,18-07-2014,7.0
701443,369856,09-07-2014,6.0
701451,369856,09-07-2014,6.0
704653,369856,09-07-2014,4.0
706852,369856,11-07-2014,4.0
706991,369856,11-07-2014,6.0
706998,369856,11-07-2014,5.0
707001,369856,11-07-2014,7.0
2297291,480449,21-04-2020,1.0
2297301,480449,21-04-2020,1.0
2171409,474307,09-01-2020,14.0
2171420,474307,09-01-2020,15.0
2171448,474307,09-01-2020,10.0
2758440,509124,03-05-2021,7.0
2758454,509124,03-05-2021,7.0
2297522,480451,21-04-2020,9.0
2297535,480451,21-04-2020,8.0
881476,382151,26-06-2015,8.0
2466975,492744,05-10-2020,8.0
633506,359624,22-01-2014,6.0
1856512,453834,18-03-2019,8.0
1856521,453834,18-03-2019,8.0
1455204,425163,13-12-2017,9.0
2293291,482508,21-04-2020,4.0
2293353,482508,21-04-2020,9.0
1291844,414927,15-06-2017,10.0
1291864,414927,15-06-2017,10.0
1209511,408785,23-02-2017,8.0
2245109,478417,06-03-2020,5.0
2245115,478417,06-03-2020,7.0
1111927,400595,20-09-2016,7.0
1584689,435412,05-06-2018,11.0
1584692,435412,05-06-2018,5.0
1584695,435412,05-06-2018,7.0
1669428,441557,04-09-2018,9.0
1669430,441557,04-09-2018,1.0
1678953,441557,12-09-2018,1.0
1671415,441557,05-09-2018,2.0
1671417,441557,05-09-2018,1.0
1674097,441557,08-09-2018,4.0
1674100,441557,08-09-2018,2.0
1674103,441557,08-09-2018,2.0
1674106,441557,08-09-2018,5.0
1674109,441557,08-09-2018,4.0
1674112,441557,08-09-2018,3.0
1838612,441557,18-01-2019,0.0
917073,382161,09-09-2015,13.0
2293942,482513,22-04-2020,10.0
2293964,482513,22-04-2020,7.0
2293984,482513,22-04-2020,19.0
1477030,427224,23-01-2018,1.0
2473120,490710,01-10-2020,10.0
1837915,445658,26-02-2019,4.0
2139645,470236,22-11-2019,17.0
2139664,470236,22-11-2019,18.0
1817140,451804,07-02-2019,4.0
1817145,451804,07-02-2019,3.0
2691717,505058,10-03-2021,10.0
2691754,505058,10-03-2021,5.0
2752654,509156,30-04-2021,3.0
2752700,509156,30-04-2021,4.0
2003747,464101,03-09-2019,5.0
2003758,464101,03-09-2019,6.0
2107662,470246,04-11-2019,6.0
2107672,470246,04-11-2019,12.0
2096428,470247,28-10-2019,3.0
2096442,470247,28-10-2019,2.0
2754812,509158,30-04-2021,3.0
2754813,509158,30-04-2021,3.0
2757433,509159,01-05-2021,9.0
2757444,509159,01-05-2021,9.0
2752627,509160,29-04-2021,3.0
2752641,509160,29-04-2021,4.0
1394796,421093,23-10-2017,14.0
1394814,421093,23-10-2017,2.0
1467530,421093,22-12-2017,1.0
1525070,431341,30-03-2018,7.0
1924340,457966,17-05-2019,1.0
797487,373999,19-12-2014,3.0
2640333,500976,25-01-2021,16.0
2640342,500976,25-01-2021,7.0
1080502,398578,15-07-2016,14.0
707940,369907,14-07-2014,13.0
707952,369907,14-07-2014,14.0
1545665,433396,24-04-2018,7.0
2794072,507124,28-05-2021,2.0
2794077,507124,28-05-2021,3.0
2794100,507124,28-05-2021,2.0
2794103,507124,28-05-2021,1.0
2811825,507124,09-06-2021,6.0
2811852,507124,09-06-2021,7.0
670758,367862,01-05-2014,4.0
1376038,421106,19-10-2017,23.0
1605222,437496,24-07-2018,5.0
1605237,437496,24-07-2018,6.0
1616270,437496,24-07-2018,1.0
1605711,437496,31-08-2018,6.0
1605712,437496,31-08-2018,6.0
1626574,437496,31-08-2018,2.0
2513382,494841,14-10-2020,6.0
2513404,494841,14-10-2020,4.0
917027,382200,09-09-2015,6.0
917039,382200,09-09-2015,7.0
1319988,417019,13-07-2017,5.0
707869,369916,14-07-2014,9.0
707883,369916,14-07-2014,11.0
707887,369916,14-07-2014,16.0
707890,369916,14-07-2014,13.0
707928,369916,14-07-2014,17.0
2357221,486645,19-06-2020,8.0
2270892,481394,31-03-2020,5.0
2270908,481394,31-03-2020,5.0
1809300,449791,05-02-2019,7.0
1809317,449791,05-02-2019,9.0
707836,369920,14-07-2014,7.0
707856,369920,14-07-2014,7.0
2564799,496897,23-11-2020,16.0
2291016,482561,24-04-2020,10.0
1051204,396548,12-06-2016,32.0
707706,369925,14-07-2014,10.0
707715,369925,14-07-2014,7.0
707726,369925,14-07-2014,7.0
2098926,468228,24-10-2019,0.0
2391310,468228,05-07-2020,5.0
2391319,468228,05-07-2020,6.0
2391330,468228,05-07-2020,3.0
2402599,468228,15-07-2020,3.0
2402602,468228,15-07-2020,1.0
2402618,468228,15-07-2020,5.0
791731,371975,05-12-2014,4.0
3047639,517384,23-08-2021,1.0
1644983,431369,31-07-2018,7.0
1645007,431369,31-07-2018,5.0
1645010,431369,31-07-2018,8.0
1645022,431369,31-07-2018,10.0
1645025,431369,31-07-2018,7.0
707678,369931,14-07-2014,15.0
707692,369931,14-07-2014,14.0
1109576,400653,13-09-2016,7.0
2372798,482573,03-07-2020,7.0
2491354,482573,28-09-2020,13.0
2491356,482573,28-09-2020,13.0
1287042,408847,02-06-2017,4.0
707619,369936,14-07-2014,3.0
707621,369936,14-07-2014,10.0
2733325,507152,12-04-2021,3.0
2733362,507152,12-04-2021,8.0
2490207,482574,19-10-2020,8.0
2490214,482574,19-10-2020,6.0
2490232,482574,19-10-2020,1.0
2583649,482577,11-12-2020,6.0
2583659,482577,11-12-2020,6.0
1443440,421140,01-12-2017,9.0
1443483,421140,01-12-2017,6.0
1178180,404758,16-12-2016,21.0
2210436,476438,04-02-2020,14.0
2084208,468248,04-10-2019,4.0
2594778,498970,11-12-2020,6.0
2594787,498970,11-12-2020,7.0
2594818,498970,11-12-2020,3.0
2594825,498970,11-12-2020,4.0
2594836,498970,11-12-2020,3.0
2594845,498970,11-12-2020,7.0
2603318,498970,11-12-2020,1.0
2603331,498970,11-12-2020,1.0
1137576,402716,18-10-2016,2.0
2102107,466207,01-11-2019,12.0
2102180,466207,01-11-2019,9.0
2652630,503071,05-02-2021,2.0
2472540,492834,15-09-2020,4.0
2472546,492834,15-09-2020,14.0
2357798,486691,16-06-2020,6.0
2260142,480549,24-03-2020,5.0
2260160,480549,24-03-2020,15.0
2260167,480549,24-03-2020,11.0
2536586,492839,02-11-2020,2.0
2536589,492839,02-11-2020,4.0
2536592,492839,02-11-2020,5.0
2536595,492839,02-11-2020,4.0
2536598,492839,02-11-2020,1.0
2576293,492839,04-12-2020,7.0
2576303,492839,04-12-2020,2.0
2576313,492839,04-12-2020,2.0
2576318,492839,04-12-2020,13.0
2576328,492839,04-12-2020,2.0
2576342,492839,04-12-2020,18.0
2576346,492839,04-12-2020,1.0
1568925,433448,16-05-2018,5.0
1568932,433448,16-05-2018,3.0
1568953,433448,16-05-2018,6.0
1550293,431401,30-04-2018,1.0
1558574,431401,05-05-2018,7.0
1157378,404776,15-12-2016,32.0
2261004,480551,25-03-2020,11.0
2261560,480556,25-03-2020,2.0
2261575,480556,25-03-2020,9.0
825351,378157,13-03-2015,22.0
2334765,484648,25-05-2020,6.0
2334772,484648,25-05-2020,5.0
1352885,419114,30-08-2017,8.0
1352892,419114,30-08-2017,10.0
1302803,415025,21-06-2017,6.0
1302821,415025,21-06-2017,8.0
2174245,474420,08-01-2020,3.0
2174248,474420,08-01-2020,5.0
2411484,486708,23-07-2020,4.0
1823807,445750,12-02-2019,17.0
1610928,423225,26-11-2017,14.0
717450,367930,30-07-2014,2.0
2468889,492859,23-10-2020,2.0
2468896,492859,23-10-2020,3.0
2468916,492859,23-10-2020,1.0
2395823,488761,23-07-2020,4.0
2060846,466237,25-09-2019,3.0
2133267,472383,26-11-2019,9.0
2133275,472383,26-11-2019,5.0
1970687,462144,28-06-2019,5.0
2502358,494913,06-11-2020,11.0
2502382,494913,06-11-2020,1.0
1438016,425279,27-11-2017,12.0
2323902,483443,02-06-2020,2.0
2323904,483443,02-06-2020,4.0
2466057,483443,21-09-2020,3.0
1090868,398660,04-08-2016,5.0
2036590,466244,05-09-2019,4.0
1438031,425286,08-12-2017,9.0
1438043,425286,08-12-2017,5.0
1547503,433484,11-06-2018,6.0
1547529,433484,11-06-2018,4.0
707549,369997,14-07-2014,8.0
707551,369997,14-07-2014,8.0
1001843,392525,19-02-2016,6.0
1001845,392525,19-02-2016,13.0
1438148,425294,22-12-2017,1.0
1177898,404818,16-12-2016,4.0
1177899,404818,16-12-2016,6.0
1461435,423251,31-12-2017,9.0
1461458,423251,31-12-2017,5.0
1461492,423251,31-12-2017,8.0
1507004,423251,12-03-2018,3.0
1507007,423251,12-03-2018,2.0
1533658,423251,11-04-2018,2.0
1533665,423251,11-04-2018,3.0
1533668,423251,11-04-2018,2.0
1643005,423251,23-07-2018,1.0
1670570,423251,06-09-2018,0.0
1670573,423251,06-09-2018,0.0
1968253,462167,02-09-2019,6.0
1438243,425304,24-11-2017,2.0
1303433,413017,23-06-2017,11.0
1331562,413017,21-07-2017,1.0
1331568,413017,21-07-2017,2.0
1331575,413017,21-07-2017,2.0
1331585,413017,21-07-2017,1.0
1331596,413017,21-07-2017,4.0
1331601,413017,21-07-2017,6.0
1331604,413017,21-07-2017,14.0
1331616,413017,21-07-2017,4.0
1331655,413017,21-07-2017,2.0
1331662,413017,21-07-2017,10.0
1157139,404828,09-12-2016,67.0
707518,370014,14-07-2014,12.0
707536,370014,14-07-2014,7.0
1477481,427359,22-01-2018,6.0
1477486,427359,22-01-2018,5.0
2292177,482657,08-05-2020,14.0
676849,367971,07-05-2014,2.0
756576,374115,22-10-2014,7.0
2713057,505187,12-04-2021,5.0
2713072,505187,12-04-2021,7.0
1879365,456039,16-04-2019,7.0
1879387,456039,16-04-2019,6.0
1759271,447849,07-12-2018,2.0
1606936,437611,25-06-2018,5.0
2580357,499058,30-11-2020,2.0
2580366,499058,30-11-2020,1.0
1062274,396659,30-06-2016,13.0
1938106,460151,03-06-2019,3.0
1938110,460151,03-06-2019,2.0
707467,370040,14-07-2014,19.0
707473,370040,14-07-2014,17.0
2200476,476536,30-01-2020,1.0
707449,370042,14-07-2014,5.0
707455,370042,14-07-2014,4.0
733738,372097,12-09-2014,12.0
733748,372097,12-09-2014,12.0
975714,388482,08-12-2015,4.0
975721,388482,08-12-2015,3.0
2592488,499076,11-12-2020,12.0
2592506,499076,11-12-2020,10.0
2590321,499078,15-12-2020,3.0
2696865,505223,16-03-2021,2.0
2037536,466312,26-10-2019,12.0
2037570,466312,26-10-2019,12.0
2037598,466312,26-10-2019,13.0
1581377,435592,01-06-2018,13.0
1581386,435592,01-06-2018,4.0
2204694,476555,06-03-2020,6.0
2822462,513420,29-06-2021,4.0
2324461,482700,18-05-2020,4.0
1519013,431503,16-04-2018,9.0
2612126,499088,15-12-2020,9.0
2610498,499090,18-12-2020,6.0
2610576,499090,18-12-2020,3.0
2610580,499090,18-12-2020,11.0
2610588,499090,18-12-2020,4.0
2606020,499091,11-12-2020,6.0
2606036,499091,11-12-2020,7.0
2135593,472466,29-11-2019,8.0
2135621,472466,29-11-2019,17.0
2135625,472466,29-11-2019,4.0
1069918,396693,02-07-2016,29.0
1491397,427414,08-02-2018,2.0
1491408,427414,08-02-2018,3.0
1096132,398741,16-08-2016,15.0
1157526,404887,09-12-2016,11.0
2136940,472467,30-11-2019,7.0
1604513,429467,21-06-2018,1.0
1600111,429467,19-06-2018,3.0
1600114,429467,19-06-2018,3.0
1668502,429467,03-09-2018,10.0
1668505,429467,03-09-2018,7.0
1668508,429467,03-09-2018,5.0
1693852,429467,02-10-2018,3.0
1693855,429467,02-10-2018,4.0
1771172,429467,05-12-2018,2.0
1190165,406940,16-01-2017,3.0
1291885,415132,13-06-2017,11.0
1640928,439710,13-08-2018,7.0
1640932,439710,13-08-2018,8.0
1640948,439710,13-08-2018,9.0
1649387,439710,24-09-2018,9.0
1649393,439710,24-09-2018,9.0
1379297,421276,03-10-2017,11.0
2443304,490908,02-10-2020,5.0
2443308,490908,02-10-2020,6.0
1580840,435617,08-06-2018,7.0
1580848,435617,08-06-2018,7.0
2713893,507302,02-04-2021,2.0
2713908,507302,02-04-2021,9.0
2713918,507302,02-04-2021,4.0
2136273,468391,22-11-2019,5.0
1849807,454055,22-03-2019,17.0
1849811,454055,22-03-2019,8.0
2475711,492970,15-09-2020,6.0
2475720,492970,15-09-2020,6.0
755880,374186,25-10-2014,22.0
2258624,480683,15-04-2020,8.0
1449537,425387,05-12-2017,2.0
2411818,489571,24-07-2020,21.0
951777,388532,03-11-2015,5.0
951788,388532,03-11-2015,6.0
2037926,466357,06-09-2019,2.0
2126518,470454,12-11-2019,6.0
756089,374199,25-10-2014,13.0
2701314,495032,23-03-2021,6.0
1132840,402873,14-10-2016,6.0
776847,374202,21-10-2014,4.0
776861,374202,21-10-2014,1.0
1133848,400829,14-10-2016,9.0
1838026,452034,27-02-2019,3.0
1838029,452034,27-02-2019,3.0
1562638,433603,09-05-2018,4.0
1562643,433603,09-05-2018,5.0
951689,388546,03-11-2015,9.0
951737,388546,03-11-2015,14.0
1692389,441797,26-09-2018,4.0
1692403,441797,26-09-2018,10.0
1548683,422003,28-10-2017,6.0
1396604,422004,20-10-2017,3.0
1416284,422004,31-10-2017,3.0
1699329,443850,24-10-2018,12.0
1699354,443850,24-10-2018,5.0
1699380,443850,24-10-2018,12.0
1380291,421324,09-10-2017,9.0
1131904,402894,15-10-2016,7.0
1131909,402894,15-10-2016,7.0
2613153,497105,18-12-2020,9.0
2613156,497105,18-12-2020,8.0
1860779,454098,22-03-2019,8.0
1239811,411093,05-04-2017,7.0
1239812,411093,05-04-2017,7.0
1239823,411093,05-04-2017,8.0
1407143,421334,13-10-2017,8.0
1407153,421334,13-10-2017,5.0
603485,361945,08-11-2013,17.0
1282644,413148,08-06-2017,12.0
1282658,413148,08-06-2017,8.0
2154037,468448,05-12-2019,9.0
2154052,468448,05-12-2019,8.0
2154081,468448,05-12-2019,13.0
2154126,468448,05-12-2019,2.0
2154139,468448,05-12-2019,12.0
1526183,431588,03-04-2018,4.0
2721100,505317,01-04-2021,6.0
2005748,464359,01-08-2019,12.0
1102820,398827,29-08-2016,26.0
2031790,464364,05-09-2019,4.0
2031806,464364,05-09-2019,5.0
1031797,394734,15-04-2016,5.0
2650837,499183,05-02-2021,14.0
1908528,458224,20-05-2019,8.0
1908552,458224,20-05-2019,1.0
2598210,499185,12-01-2021,12.0
2613033,499188,16-12-2020,5.0
2613055,499188,16-12-2020,5.0
2679343,505335,08-03-2021,6.0
923210,386551,17-09-2015,4.0
923214,386551,17-09-2015,5.0
923230,386551,17-09-2015,16.0
923238,386551,17-09-2015,4.0
2679424,505337,09-03-2021,6.0
1703125,443899,08-10-2018,6.0
1703129,443899,08-10-2018,9.0
1703142,443899,08-10-2018,6.0
1551555,423419,26-04-2018,21.0
2679522,505342,10-03-2021,6.0
1982686,439807,10-07-2019,5.0
1982695,439807,10-07-2019,5.0
2175920,474625,14-01-2020,5.0
2175924,474625,14-01-2020,5.0
1828014,452100,16-02-2019,6.0
1828024,452100,16-02-2019,4.0
1686185,425477,20-09-2018,3.0
1117420,400903,23-09-2016,65.0
2412192,489588,14-08-2020,10.0
2412205,489588,14-08-2020,7.0
1214270,409098,01-03-2017,1.0
1790384,439819,24-12-2018,9.0
597958,361996,29-10-2013,31.0
1885049,454159,15-04-2019,5.0
1885052,454159,15-04-2019,1.0
1968845,454159,28-06-2019,4.0
1968854,454159,28-06-2019,5.0
1145991,402960,04-11-2016,8.0
1609201,437777,29-06-2018,10.0
1289726,413203,09-06-2017,8.0
1289735,413203,09-06-2017,9.0
1846408,452117,08-03-2019,6.0
2195055,474646,21-01-2020,5.0
2195071,474646,21-01-2020,8.0
1860501,454171,21-03-2019,9.0
1860510,454171,21-03-2019,3.0
1860511,454171,21-03-2019,1.0
1860523,454171,21-03-2019,5.0
1850236,454171,20-03-2019,4.0
1850237,454171,20-03-2019,7.0
2101000,470557,31-10-2019,9.0
2750911,507421,22-04-2021,6.0
2750923,507421,22-04-2021,7.0
1495605,429600,20-02-2018,4.0
1121218,400929,12-10-2016,16.0
1128714,400930,05-10-2016,10.0
1136277,400931,14-10-2016,4.0
1121482,400931,10-10-2016,20.0
1121312,400932,07-10-2016,23.0
1298001,415266,30-06-2017,11.0
1298009,415266,30-06-2017,14.0
1548221,421412,28-10-2017,7.0
1898315,456231,24-04-2019,3.0
1898316,456231,24-04-2019,3.0
1828923,452140,06-03-2019,3.0
2412667,486957,24-07-2020,9.0
2463862,486957,08-09-2020,9.0
2681695,505398,09-03-2021,9.0
2260786,480823,26-03-2020,11.0
2010327,464440,12-08-2019,11.0
2010331,464440,12-08-2019,1.0
747512,372280,10-10-2014,1.0
747518,372280,10-10-2014,7.0
747528,372280,10-10-2014,6.0
1303150,413242,26-06-2017,6.0
1303163,413242,26-06-2017,50.0
2296620,482874,30-04-2020,3.0
2230794,478781,26-02-2020,2.0
2230810,478781,26-02-2020,2.0
2260877,480830,28-03-2020,7.0
1788259,448064,19-12-2018,3.0
1788270,448064,19-12-2018,2.0
1788286,448064,19-12-2018,2.0
1788302,448064,19-12-2018,1.0
1460126,425536,22-12-2017,7.0
2378178,486978,22-06-2020,2.0
1102973,398915,31-08-2016,3.0
1231116,405059,01-01-2017,4.0
1231117,405059,01-01-2017,4.0
1441798,425539,01-12-2017,6.0
679064,368198,15-05-2014,14.0
2828308,501319,21-06-2021,45.0
1056235,396874,18-06-2016,12.0
2682986,505418,19-03-2021,1.0
2682988,505418,19-03-2021,2.0
2261181,480844,29-03-2020,7.0
2180871,472657,02-03-2020,3.0
1413414,423510,07-11-2017,5.0
1413426,423510,07-11-2017,7.0
1413443,423510,07-11-2017,3.0
1413459,423510,07-11-2017,3.0
598271,362073,06-11-2013,31.0
1339605,415323,03-08-2017,5.0
1339606,415323,03-08-2017,4.0
1339609,415323,03-08-2017,4.0
1339610,415323,03-08-2017,5.0
1339632,415323,03-08-2017,6.0
1339640,415323,03-08-2017,6.0
1941546,460380,21-07-2019,5.0
2413650,489055,23-07-2020,6.0
679041,368224,16-05-2014,7.0
2926104,501347,24-09-2021,8.0
2101763,470628,30-10-2019,6.0
1941382,460389,24-06-2019,4.0
2580068,474723,30-11-2020,3.0
2870760,474723,22-07-2021,6.0
2919369,474723,11-10-2021,14.0
2919388,474723,11-10-2021,33.0
2919394,474723,11-10-2021,12.0
987399,388711,07-01-2016,18.0
987401,388711,07-01-2016,6.0
1110933,401000,14-09-2016,17.0
1248226,411240,18-04-2017,12.0
1248227,411240,18-04-2017,6.0
1295013,415336,19-06-2017,10.0
1295015,415336,19-06-2017,13.0
2340707,472683,02-06-2020,2.0
2340708,472683,02-06-2020,4.0
2427733,472683,10-07-2020,8.0
2427757,472683,10-07-2020,8.0
2178692,474731,20-02-2020,5.0
2178698,474731,20-02-2020,7.0
649583,366190,18-03-2014,3.0
649588,366190,18-03-2014,3.0
1030646,394865,14-04-2016,11.0
1589133,435825,15-06-2018,3.0
1589796,435827,15-06-2018,10.0
1589803,435827,15-06-2018,3.0
2139455,472693,18-12-2019,21.0
2231618,478839,28-02-2020,5.0
1213225,409208,06-03-2017,4.0
1319432,413305,14-07-2017,3.0
1412181,413305,14-07-2017,9.0
1442009,425596,01-12-2017,2.0
2653224,503421,05-02-2021,10.0
1920988,456322,16-05-2019,4.0
1974534,456322,05-07-2019,8.0
1145633,403076,02-11-2016,11.0
2682045,505477,05-03-2021,11.0
2141971,472710,22-11-2019,7.0
2141972,472710,22-11-2019,7.0
788291,376454,11-12-2014,3.0
1246034,411268,12-04-2017,4.0
1246044,411268,12-04-2017,4.0
1269246,413322,11-05-2017,2.0
1191877,407182,30-01-2017,11.0
1191886,407182,30-01-2017,19.0
1191906,407182,30-01-2017,18.0
1191911,407182,30-01-2017,13.0
2238583,466575,28-02-2020,5.0
2238588,466575,28-02-2020,10.0
2238628,466575,28-02-2020,5.0
1223401,409230,17-03-2017,23.0
1223424,409230,17-03-2017,1.0
2178739,474767,08-01-2020,3.0
1242905,411278,07-04-2017,7.0
1242912,411278,07-04-2017,5.0
1242919,411278,07-04-2017,4.0
1465015,413330,21-12-2017,21.0
632697,364180,22-01-2014,12.0
1849602,454294,15-03-2019,5.0
2589774,495255,17-12-2020,5.0
2657274,503448,19-04-2021,1.0
2657277,503448,19-04-2021,1.0
2657289,503448,19-04-2021,1.0
622209,362137,13-12-2013,17.0
1695706,439961,04-10-2018,2.0
1695728,439961,04-10-2018,2.0
1328676,415383,18-07-2017,13.0
1328682,415383,18-07-2017,8.0
1701391,444060,11-10-2018,6.0
1836994,450199,15-02-2019,3.0
1836996,450199,15-02-2019,1.0
2331281,485020,16-06-2020,8.0
1342101,415393,04-08-2017,8.0
1342104,415393,04-08-2017,7.0
1342106,415393,04-08-2017,4.0
937558,386723,14-10-2015,9.0
937574,386723,14-10-2015,6.0
937588,386723,14-10-2015,8.0
708044,370345,11-07-2014,11.0
708064,370345,11-07-2014,12.0
2403804,489130,16-07-2020,2.0
2403820,489130,16-07-2020,2.0
1173566,403115,12-12-2016,17.0
1176775,403115,12-12-2016,1.0
1302753,415404,21-06-2017,4.0
1302758,415404,21-06-2017,6.0
1383259,421547,03-11-2017,7.0
2315035,482991,08-05-2020,4.0
2301818,482991,29-04-2020,4.0
2301821,482991,29-04-2020,5.0
2302901,482992,07-05-2020,2.0
2315039,482992,08-05-2020,4.0
1611872,437937,06-07-2018,7.0
1611878,437937,06-07-2018,1.0
2302004,482994,01-05-2020,15.0
2302009,482994,01-05-2020,11.0
2303432,482995,01-05-2020,4.0
2303439,482995,01-05-2020,5.0
1837010,452276,01-03-2019,11.0
953527,388787,04-11-2015,9.0
1764394,448183,03-12-2018,3.0
1764395,448183,03-12-2018,5.0
1379629,407226,06-10-2017,9.0
2483092,493243,23-09-2020,3.0
1250135,407228,18-04-2017,4.0
1481476,419517,29-01-2018,10.0
1498647,419517,20-02-2018,1.0
1485267,419517,07-02-2018,1.0
1485273,419517,07-02-2018,7.0
1514372,419517,19-03-2018,5.0
1514377,419517,19-03-2018,1.0
1519593,419517,27-03-2018,1.0
1519596,419517,27-03-2018,12.0
1519599,419517,27-03-2018,6.0
1551026,419517,26-04-2018,1.0
1596990,419517,01-05-2018,1.0
1597070,419517,01-05-2018,2.0
1361153,419520,08-09-2017,4.0
712772,370369,08-07-2014,12.0
1131978,401090,15-10-2016,41.0
1135244,401090,19-10-2016,16.0
1135887,401090,19-10-2016,15.0
1886244,446155,18-04-2019,6.0
1886252,446155,18-04-2019,4.0
1249633,411341,18-04-2017,1.0
1936633,458451,05-06-2019,8.0
2092872,468694,23-10-2019,6.0
1061457,397015,17-06-2016,11.0
1943281,460504,05-06-2019,5.0
742296,372441,29-09-2014,1.0
742314,372441,29-09-2014,1.0
963663,386777,19-11-2015,8.0
1453409,425688,21-12-2017,4.0
1453416,425688,21-12-2017,4.0
2677615,503516,02-03-2021,4.0
898816,384734,28-07-2015,10.0
1162207,405216,30-11-2016,35.0
1162968,405216,30-11-2016,6.0
1791901,446177,20-12-2018,7.0
1791904,446177,20-12-2018,5.0
1791918,446177,20-12-2018,8.0
2233134,478947,03-03-2020,2.0
2717269,507624,01-04-2021,5.0
2717279,507624,01-04-2021,4.0
1979724,462570,11-07-2019,3.0
1979728,462570,11-07-2019,3.0
2142524,472810,09-12-2019,4.0
2930569,511723,30-07-2021,2.0
2163663,472813,10-12-2019,17.0
2163688,472813,10-12-2019,18.0
1336811,415470,28-07-2017,6.0
2909951,517869,16-09-2021,3.0
2909979,517869,16-09-2021,7.0
2442059,491245,01-10-2020,2.0
1475997,427762,18-01-2018,4.0
1499213,427763,26-02-2018,23.0
863842,380659,28-05-2015,14.0
2646137,501493,28-01-2021,5.0
2724689,507637,07-04-2021,3.0
2724703,507637,07-04-2021,4.0
1447210,425717,04-12-2017,11.0
2565193,497403,20-11-2020,20.0
2587053,499451,03-12-2020,2.0
908218,384765,25-08-2015,13.0
2405816,489211,11-08-2020,3.0
2405828,489211,11-08-2020,4.0
1533573,431872,10-04-2018,7.0
1533574,431872,10-04-2018,5.0
2254610,478985,19-03-2020,7.0
2254633,478985,19-03-2020,7.0
1477298,421642,05-02-2018,6.0
1495299,421642,19-02-2018,22.0
1537736,421642,16-04-2018,3.0
1537762,421642,16-04-2018,6.0
1537772,421642,16-04-2018,1.0
2267523,481038,09-04-2020,7.0
1612687,429840,29-06-2018,10.0
1612707,429840,29-06-2018,5.0
1612708,429840,29-06-2018,9.0
2621153,491280,23-12-2020,1.0
2621156,491280,23-12-2020,2.0
2621235,491280,04-01-2021,1.0
2688478,491280,12-03-2021,1.0
2739866,491280,15-04-2021,6.0
2739869,491280,15-04-2021,3.0
2870554,491280,22-07-2021,2.0
2870572,491280,22-07-2021,2.0
2870596,491280,22-07-2021,1.0
2870603,491280,22-07-2021,4.0
2870607,491280,22-07-2021,11.0
2870616,491280,22-07-2021,3.0
2655074,501522,08-02-2021,7.0
1944218,460566,06-06-2019,5.0
1882694,456470,26-04-2019,2.0
1882701,456470,26-04-2019,2.0
2369188,487192,14-07-2020,12.0
916943,384794,09-09-2015,9.0
916946,384794,09-09-2015,4.0
927729,384794,30-09-2015,25.0
927744,384794,30-09-2015,31.0
2628448,501533,20-01-2021,29.0
2534248,487199,07-11-2020,2.0
2534267,487199,07-11-2020,3.0
2534272,487199,07-11-2020,4.0
1038038,395041,28-04-2016,14.0
2180425,468772,20-12-2019,3.0
2180427,468772,20-12-2019,3.0
2180448,468772,20-12-2019,4.0
2180471,468772,20-12-2019,5.0
2718244,507684,30-04-2021,6.0
761919,374567,06-11-2014,10.0
2756701,509736,06-05-2021,5.0
2756702,509736,06-05-2021,8.0
2756735,509736,06-05-2021,3.0
1148496,403242,07-11-2016,18.0
2736848,507692,13-04-2021,2.0
2736852,507692,13-04-2021,3.0
1565726,433965,09-05-2018,1.0
1565729,433965,09-05-2018,4.0
1274990,413487,19-05-2017,11.0
1464223,423728,22-12-2017,18.0
1222555,409394,15-03-2017,11.0
1222561,409394,15-03-2017,3.0
1222570,409394,15-03-2017,12.0
2634121,501558,20-01-2021,4.0
2634130,501558,20-01-2021,10.0
2634153,501558,20-01-2021,1.0
2634155,501558,20-01-2021,9.0
1555368,433977,08-05-2018,8.0
1975903,462655,15-07-2019,8.0
2043205,466753,16-12-2019,10.0
773742,374595,13-11-2014,14.0
773762,374595,13-11-2014,8.0
1677319,440131,11-09-2018,6.0
1677341,440131,11-09-2018,8.0
2305882,483141,19-06-2020,4.0
2305894,483141,19-06-2020,10.0
2305918,483141,19-06-2020,8.0
1229575,409414,20-03-2017,9.0
1229588,409414,20-03-2017,14.0
925221,386884,15-10-2015,1.0
925250,386884,15-10-2015,2.0
1605641,427848,27-06-2018,30.0
1554256,425797,31-12-2017,9.0
1554292,425797,31-12-2017,29.0
1554365,425797,31-12-2017,16.0
2546993,495434,26-10-2020,7.0
2547017,495434,26-10-2020,7.0
2161182,468812,06-12-2019,20.0
712414,370509,10-07-2014,5.0
741044,372556,28-09-2014,10.0
741055,372556,28-09-2014,11.0
1110807,401231,22-09-2016,8.0
2244317,477007,13-03-2020,15.0
2257856,477007,13-03-2020,3.0
2820213,505681,16-06-2021,5.0
1790229,448338,19-12-2018,5.0
1790268,448338,19-12-2018,3.0
1052420,395091,14-05-2016,8.0
2230953,477011,24-02-2020,3.0
2553787,497493,16-11-2020,16.0
904513,384851,17-08-2015,5.0
1708902,444247,12-10-2018,1.0
1744928,444247,13-11-2018,8.0
1744929,444247,13-11-2018,6.0
1744949,444247,13-11-2018,7.0
1744952,444247,13-11-2018,9.0
1744997,444247,13-11-2018,1.0
2011890,464732,08-08-2019,5.0
1231002,409436,27-03-2017,1.0
1231003,409436,27-03-2017,22.0
1231023,409436,27-03-2017,3.0
1982180,454492,25-08-2019,43.0
2379104,487262,26-06-2020,4.0
2043832,466784,20-09-2019,2.0
2043846,466784,20-09-2019,7.0
1677416,440165,11-09-2018,9.0
1677430,440165,11-09-2018,14.0
1038610,395110,28-04-2016,4.0
1271138,413544,17-05-2017,15.0
1989682,460649,15-07-2019,8.0
2605747,497514,11-12-2020,5.0
2351600,485226,10-06-2020,2.0
1442628,423785,17-11-2017,15.0
2078015,464752,11-10-2019,2.0
2078018,464752,11-10-2019,11.0
2084604,464752,11-10-2019,11.0
2084607,464752,11-10-2019,9.0
2161336,464752,12-12-2019,8.0
2183227,466801,20-12-2019,2.0
2183316,466801,20-12-2019,4.0
1567059,431986,13-04-2018,15.0
2756737,509808,06-05-2021,5.0
2756758,509808,06-05-2021,10.0
2756768,509808,06-05-2021,4.0
1171725,405364,16-12-2016,32.0
2597212,497525,15-12-2020,23.0
712267,370549,18-07-2014,13.0
712274,370549,18-07-2014,14.0
2056657,466807,01-10-2019,7.0
1677245,440180,11-09-2018,10.0
1677268,440180,11-09-2018,2.0
1793684,444274,20-12-2018,10.0
1915464,458617,09-05-2019,3.0
1915484,458617,09-05-2019,2.0
1554550,434044,04-05-2018,17.0
2552133,495485,10-11-2020,6.0
2629518,501628,14-01-2021,5.0
2629521,501628,14-01-2021,9.0
2687519,505732,26-04-2021,14.0
2687571,505732,26-04-2021,11.0
2687575,505732,26-04-2021,19.0
2687583,505732,26-04-2021,12.0
2687622,505732,26-04-2021,9.0
2732009,505732,09-04-2021,1.0
1257344,407431,01-05-2017,8.0
1348195,407431,17-08-2017,1.0
2552101,495496,10-11-2020,5.0
2916451,518026,17-09-2021,6.0
2916486,518026,17-09-2021,4.0
2916487,518026,17-09-2021,3.0
2916507,518026,17-09-2021,1.0
2916511,518026,17-09-2021,1.0
2552478,497547,17-11-2020,7.0
2552512,497547,17-11-2020,4.0
1561671,425869,27-04-2018,9.0
1081616,393103,04-07-2016,1.0
1679862,440208,14-09-2018,16.0
1802035,450449,04-02-2019,7.0
1802056,450449,04-02-2019,7.0
1783593,427923,13-12-2018,16.0
2567421,497556,20-11-2020,2.0
1738132,446355,13-11-2018,9.0
1738139,446355,13-11-2018,10.0
1738147,446355,13-11-2018,8.0
1802104,450454,25-02-2019,7.0
1802110,450454,25-02-2019,7.0
1245040,397207,10-04-2017,0.0
1123653,401303,05-10-2016,4.0
763538,374679,09-10-2014,11.0
763624,374679,17-10-2014,5.0
763647,374679,17-10-2014,5.0
707420,370586,14-07-2014,8.0
1011423,393108,11-03-2016,4.0
1011428,393108,11-03-2016,4.0
1011440,393108,11-03-2016,4.0
2655990,503708,06-03-2021,6.0
1447331,425881,06-12-2017,5.0
2721338,507806,09-04-2021,10.0
2721350,507806,09-04-2021,6.0
2738073,507806,09-04-2021,1.0
2457165,491418,02-09-2020,6.0
2446683,491422,07-09-2020,2.0
2446685,491422,07-09-2020,3.0
1734942,446369,14-11-2018,9.0
1826444,452514,19-02-2019,5.0
1884195,456611,23-04-2019,3.0
1884203,456611,23-04-2019,4.0
1885375,456698,12-04-2019,6.0
1885390,456698,12-04-2019,4.0
1789835,448422,20-12-2018,7.0
2479095,493479,29-09-2020,13.0
2721558,507816,09-04-2021,5.0
2721576,507816,09-04-2021,6.0
2004150,462762,31-07-2019,17.0
2004166,462762,31-07-2019,4.0
2707525,505770,24-03-2021,1.0
2707538,505770,24-03-2021,2.0
2698258,505770,18-03-2021,3.0
2715564,505770,30-03-2021,1.0
2715575,505770,30-03-2021,1.0
2558305,497580,11-11-2020,2.0
2558339,497580,11-11-2020,2.0
1768598,448431,13-12-2018,6.0
1768617,448431,13-12-2018,5.0
1333325,417713,21-07-2017,7.0
965542,389041,26-11-2015,2.0
965554,389041,26-11-2015,2.0
1221846,407477,16-03-2017,5.0
1221870,407477,16-03-2017,4.0
1452842,423867,08-12-2017,21.0
1687930,421825,20-09-2018,2.0
1491343,421825,23-02-2018,9.0
1529203,421825,06-04-2018,2.0
1529206,421825,06-04-2018,5.0
1529209,421825,06-04-2018,5.0
1529212,421825,06-04-2018,8.0
1529215,421825,06-04-2018,20.0
1529218,421825,06-04-2018,18.0
1529221,421825,06-04-2018,8.0
1515470,421825,26-03-2018,16.0
1563342,421825,17-05-2018,10.0
1563347,421825,17-05-2018,3.0
1571335,421825,18-05-2018,4.0
1585430,421825,01-06-2018,6.0
1585433,421825,01-06-2018,3.0
1585436,421825,01-06-2018,10.0
1585439,421825,01-06-2018,10.0
1585454,421825,01-06-2018,3.0
1585457,421825,01-06-2018,1.0
1582313,421825,30-05-2018,3.0
1582344,421825,30-05-2018,3.0
1582347,421825,30-05-2018,3.0
1582381,421825,30-05-2018,1.0
1582395,421825,30-05-2018,1.0
1582398,421825,30-05-2018,1.0
1644073,421825,02-08-2018,3.0
1621399,421825,13-07-2018,10.0
1621418,421825,13-07-2018,15.0
1621421,421825,13-07-2018,6.0
1621444,421825,13-07-2018,13.0
1641655,421825,27-07-2018,4.0
1641665,421825,27-07-2018,6.0
1641689,421825,27-07-2018,3.0
1641699,421825,27-07-2018,3.0
1641730,421825,27-07-2018,1.0
1641740,421825,27-07-2018,2.0
1720279,421825,22-10-2018,7.0
1720281,421825,22-10-2018,14.0
1753278,421825,20-11-2018,2.0
1753291,421825,20-11-2018,2.0
1753322,421825,20-11-2018,1.0
1753389,421825,20-11-2018,4.0
1753539,421825,20-11-2018,3.0
1753610,421825,20-11-2018,13.0
1740245,421825,21-11-2018,12.0
1740275,421825,21-11-2018,1.0
1740298,421825,21-11-2018,4.0
1777450,421825,10-12-2018,1.0
1777453,421825,10-12-2018,2.0
1772582,421825,03-12-2018,20.0
1772591,421825,03-12-2018,6.0
1164085,401346,29-11-2016,8.0
1791955,444354,21-12-2018,4.0
1791980,444354,21-12-2018,8.0
1792000,444354,21-12-2018,4.0
2235924,479170,29-02-2020,7.0
1833151,452549,07-03-2019,8.0
1833165,452549,07-03-2019,11.0
2594628,499654,11-12-2020,37.0
2594668,499654,11-12-2020,17.0
2594670,499654,11-12-2020,38.0
1528421,430023,13-04-2018,6.0
1571439,430023,24-05-2018,2.0
1571445,430023,24-05-2018,19.0
2558890,497607,13-11-2020,4.0
2558905,497607,13-11-2020,3.0
1266051,409544,12-05-2017,2.0
1266078,409544,12-05-2017,3.0
1266083,409544,12-05-2017,6.0
1012328,393157,11-03-2016,6.0
1012358,393157,11-03-2016,4.0
1787119,448460,18-12-2018,2.0
2090214,468947,21-10-2019,9.0
2090244,468947,21-10-2019,8.0
1642705,438227,03-08-2018,6.0
2075932,468949,25-10-2019,5.0
2075979,468949,25-10-2019,8.0
2656410,503765,07-03-2021,6.0
1919738,456659,13-05-2019,11.0
1616617,438234,04-07-2018,2.0
1616622,438234,04-07-2018,2.0
660151,366558,04-04-2014,12.0
660189,366558,04-04-2014,11.0
1606264,436195,22-06-2018,5.0
1606268,436195,22-06-2018,3.0
2336174,485347,28-05-2020,2.0
2336179,485347,28-05-2020,2.0
1968872,456682,28-06-2019,1.0
1968878,456682,28-06-2019,3.0
1968897,456682,28-06-2019,2.0
1360276,419819,26-09-2017,8.0
2701280,505836,19-03-2021,4.0
1475116,423915,18-01-2018,7.0
1475118,423915,18-01-2018,4.0
1475137,423915,18-01-2018,7.0
1475152,423915,18-01-2018,7.0
2596026,499694,11-12-2020,7.0
1960823,460783,08-07-2019,11.0
1960846,460783,08-07-2019,17.0
773496,374767,13-11-2014,6.0
773509,374767,13-11-2014,3.0
773310,374767,10-11-2014,8.0
773343,374767,10-11-2014,12.0
836963,376814,31-03-2015,6.0
836972,376814,31-03-2015,2.0
903717,385009,13-08-2015,5.0
903724,385009,13-08-2015,17.0
903759,385009,13-08-2015,5.0
2479584,493557,24-09-2020,6.0
2479630,493557,24-09-2020,4.0
2479638,493557,24-09-2020,1.0
2687655,505846,11-03-2021,6.0
2722315,507895,02-04-2021,4.0
2338280,485366,19-06-2020,15.0
2395049,485370,10-07-2020,17.0
2395067,485370,10-07-2020,16.0
1979084,462844,10-07-2019,7.0
2693758,505853,18-03-2021,4.0
2693783,505853,18-03-2021,4.0
2693104,505854,16-03-2021,10.0
1504158,430079,04-04-2018,10.0
