,Date,Net_daily_art
0,2010-01-01,0.0
1,2010-01-02,0.0
2,2010-01-03,0.0
3,2010-01-04,0.0
4,2010-01-05,0.0
5,2010-01-06,0.0
6,2010-01-07,14.0
7,2010-01-08,14.0
8,2010-01-09,0.0
9,2010-01-10,0.0
10,2010-01-11,0.0
11,2010-01-12,0.0
12,2010-01-13,0.0
13,2010-01-14,0.0
14,2010-01-15,0.0
15,2010-01-16,0.0
16,2010-01-17,0.0
17,2010-01-18,29.0
18,2010-01-19,31.0
19,2010-01-20,54.0
20,2010-01-21,27.0
21,2010-01-22,27.0
22,2010-01-23,4.0
23,2010-01-24,4.0
24,2010-01-25,24.0
25,2010-01-26,30.0
26,2010-01-27,39.0
27,2010-01-28,49.0
28,2010-01-29,52.0
29,2010-01-30,52.0
30,2010-01-31,52.0
31,2010-02-01,84.0
32,2010-02-02,82.0
33,2010-02-03,71.0
34,2010-02-04,67.0
35,2010-02-05,73.0
36,2010-02-06,63.0
37,2010-02-07,63.0
38,2010-02-08,109.0
39,2010-02-09,87.0
40,2010-02-10,92.0
41,2010-02-11,75.0
42,2010-02-12,85.0
43,2010-02-13,88.0
44,2010-02-14,88.0
45,2010-02-15,109.0
46,2010-02-16,119.0
47,2010-02-17,154.0
48,2010-02-18,159.0
49,2010-02-19,167.0
50,2010-02-20,138.0
51,2010-02-21,138.0
52,2010-02-22,151.0
53,2010-02-23,206.0
54,2010-02-24,204.0
55,2010-02-25,178.0
56,2010-02-26,176.0
57,2010-02-27,171.0
58,2010-02-28,171.0
59,2010-03-01,190.0
60,2010-03-02,181.0
61,2010-03-03,188.0
62,2010-03-04,234.0
63,2010-03-05,255.0
64,2010-03-06,237.0
65,2010-03-07,237.0
66,2010-03-08,246.0
67,2010-03-09,213.0
68,2010-03-10,201.0
69,2010-03-11,217.0
70,2010-03-12,218.0
71,2010-03-13,191.0
72,2010-03-14,191.0
73,2010-03-15,208.0
74,2010-03-16,228.0
75,2010-03-17,233.0
76,2010-03-18,212.0
77,2010-03-19,242.0
78,2010-03-20,239.0
79,2010-03-21,239.0
80,2010-03-22,263.0
81,2010-03-23,292.0
82,2010-03-24,319.0
83,2010-03-25,290.0
84,2010-03-26,366.0
85,2010-03-27,329.0
86,2010-03-28,329.0
87,2010-03-29,339.0
88,2010-03-30,360.0
89,2010-03-31,337.0
90,2010-04-01,381.0
91,2010-04-02,350.0
92,2010-04-03,335.0
93,2010-04-04,335.0
94,2010-04-05,335.0
95,2010-04-06,375.0
96,2010-04-07,397.0
97,2010-04-08,419.0
98,2010-04-09,468.0
99,2010-04-10,415.0
100,2010-04-11,415.0
101,2010-04-12,447.0
102,2010-04-13,435.0
103,2010-04-14,480.0
104,2010-04-15,477.0
105,2010-04-16,532.0
106,2010-04-17,447.0
107,2010-04-18,447.0
108,2010-04-19,458.0
109,2010-04-20,367.0
110,2010-04-21,367.0
111,2010-04-22,402.0
112,2010-04-23,425.0
113,2010-04-24,402.0
114,2010-04-25,393.0
115,2010-04-26,385.0
116,2010-04-27,356.0
117,2010-04-28,335.0
118,2010-04-29,344.0
119,2010-04-30,298.0
120,2010-05-01,298.0
121,2010-05-02,298.0
122,2010-05-03,319.0
123,2010-05-04,336.0
124,2010-05-05,291.0
125,2010-05-06,298.0
126,2010-05-07,293.0
127,2010-05-08,246.0
128,2010-05-09,246.0
129,2010-05-10,288.0
130,2010-05-11,263.0
131,2010-05-12,307.0
132,2010-05-13,275.0
133,2010-05-14,287.0
134,2010-05-15,287.0
135,2010-05-16,293.0
136,2010-05-17,316.0
137,2010-05-18,319.0
138,2010-05-19,297.0
139,2010-05-20,347.0
140,2010-05-21,404.0
141,2010-05-22,310.0
142,2010-05-23,310.0
143,2010-05-24,310.0
144,2010-05-25,323.0
145,2010-05-26,334.0
146,2010-05-27,260.0
147,2010-05-28,317.0
148,2010-05-29,307.0
149,2010-05-30,307.0
150,2010-05-31,346.0
151,2010-06-01,297.0
152,2010-06-02,353.0
153,2010-06-03,359.0
154,2010-06-04,376.0
155,2010-06-05,355.0
156,2010-06-06,355.0
157,2010-06-07,463.0
158,2010-06-08,467.0
159,2010-06-09,430.0
160,2010-06-10,414.0
161,2010-06-11,488.0
162,2010-06-12,450.0
163,2010-06-13,450.0
164,2010-06-14,489.0
165,2010-06-15,460.0
166,2010-06-16,423.0
167,2010-06-17,429.0
168,2010-06-18,442.0
169,2010-06-19,396.0
170,2010-06-20,396.0
171,2010-06-21,423.0
172,2010-06-22,389.0
173,2010-06-23,386.0
174,2010-06-24,348.0
175,2010-06-25,366.0
176,2010-06-26,327.0
177,2010-06-27,326.0
178,2010-06-28,364.0
179,2010-06-29,363.0
180,2010-06-30,368.0
181,2010-07-01,343.0
182,2010-07-02,330.0
183,2010-07-03,320.0
184,2010-07-04,306.0
185,2010-07-05,348.0
186,2010-07-06,312.0
187,2010-07-07,312.0
188,2010-07-08,337.0
189,2010-07-09,333.0
190,2010-07-10,320.0
191,2010-07-11,320.0
192,2010-07-12,330.0
193,2010-07-13,338.0
194,2010-07-14,343.0
195,2010-07-15,344.0
196,2010-07-16,354.0
197,2010-07-17,343.0
198,2010-07-18,343.0
199,2010-07-19,350.0
200,2010-07-20,345.0
201,2010-07-21,337.0
202,2010-07-22,319.0
203,2010-07-23,312.0
204,2010-07-24,248.0
205,2010-07-25,248.0
206,2010-07-26,295.0
207,2010-07-27,305.0
208,2010-07-28,276.0
209,2010-07-29,323.0
210,2010-07-30,320.0
211,2010-07-31,299.0
212,2010-08-01,299.0
213,2010-08-02,417.0
214,2010-08-03,378.0
215,2010-08-04,346.0
216,2010-08-05,414.0
217,2010-08-06,449.0
218,2010-08-07,440.0
219,2010-08-08,440.0
220,2010-08-09,458.0
221,2010-08-10,420.0
222,2010-08-11,450.0
223,2010-08-12,498.0
224,2010-08-13,490.0
225,2010-08-14,426.0
226,2010-08-15,426.0
227,2010-08-16,447.0
228,2010-08-17,440.0
229,2010-08-18,457.0
230,2010-08-19,504.0
231,2010-08-20,549.0
232,2010-08-21,499.0
233,2010-08-22,499.0
234,2010-08-23,520.0
235,2010-08-24,539.0
236,2010-08-25,542.0
237,2010-08-26,542.0
238,2010-08-27,572.0
239,2010-08-28,535.0
240,2010-08-29,535.0
241,2010-08-30,645.0
242,2010-08-31,640.0
243,2010-09-01,729.0
244,2010-09-02,719.0
245,2010-09-03,684.0
246,2010-09-04,612.0
247,2010-09-05,612.0
248,2010-09-06,667.0
249,2010-09-07,644.0
250,2010-09-08,667.0
251,2010-09-09,687.0
252,2010-09-10,681.0
253,2010-09-11,632.0
254,2010-09-12,645.0
255,2010-09-13,655.0
256,2010-09-14,674.0
257,2010-09-15,593.0
258,2010-09-16,590.0
259,2010-09-17,624.0
260,2010-09-18,571.0
261,2010-09-19,571.0
262,2010-09-20,611.0
263,2010-09-21,604.0
264,2010-09-22,584.0
265,2010-09-23,647.0
266,2010-09-24,689.0
267,2010-09-25,666.0
268,2010-09-26,666.0
269,2010-09-27,711.0
270,2010-09-28,684.0
271,2010-09-29,726.0
272,2010-09-30,664.0
273,2010-10-01,697.0
274,2010-10-02,649.0
275,2010-10-03,649.0
276,2010-10-04,673.0
277,2010-10-05,684.0
278,2010-10-06,652.0
279,2010-10-07,703.0
280,2010-10-08,749.0
281,2010-10-09,713.0
282,2010-10-10,713.0
283,2010-10-11,771.0
284,2010-10-12,739.0
285,2010-10-13,711.0
286,2010-10-14,843.0
287,2010-10-15,928.0
288,2010-10-16,817.0
289,2010-10-17,817.0
290,2010-10-18,877.0
291,2010-10-19,841.0
292,2010-10-20,783.0
293,2010-10-21,824.0
294,2010-10-22,822.0
295,2010-10-23,772.0
296,2010-10-24,772.0
297,2010-10-25,848.0
298,2010-10-26,829.0
299,2010-10-27,785.0
300,2010-10-28,795.0
301,2010-10-29,792.0
302,2010-10-30,751.0
303,2010-10-31,751.0
304,2010-11-01,847.0
305,2010-11-02,823.0
306,2010-11-03,800.0
307,2010-11-04,821.0
308,2010-11-05,845.0
309,2010-11-06,775.0
310,2010-11-07,775.0
311,2010-11-08,834.0
312,2010-11-09,779.0
313,2010-11-10,776.0
314,2010-11-11,788.0
315,2010-11-12,859.0
316,2010-11-13,816.0
317,2010-11-14,816.0
318,2010-11-15,861.0
319,2010-11-16,803.0
320,2010-11-17,823.0
321,2010-11-18,821.0
322,2010-11-19,876.0
323,2010-11-20,812.0
324,2010-11-21,812.0
325,2010-11-22,829.0
326,2010-11-23,798.0
327,2010-11-24,773.0
328,2010-11-25,757.0
329,2010-11-26,763.0
330,2010-11-27,696.0
331,2010-11-28,696.0
332,2010-11-29,709.0
333,2010-11-30,633.0
334,2010-12-01,621.0
335,2010-12-02,590.0
336,2010-12-03,602.0
337,2010-12-04,589.0
338,2010-12-05,585.0
339,2010-12-06,633.0
340,2010-12-07,621.0
341,2010-12-08,629.0
342,2010-12-09,641.0
343,2010-12-10,639.0
344,2010-12-11,533.0
345,2010-12-12,533.0
346,2010-12-13,577.0
347,2010-12-14,533.0
348,2010-12-15,461.0
349,2010-12-16,424.0
350,2010-12-17,415.0
351,2010-12-18,402.0
352,2010-12-19,402.0
353,2010-12-20,413.0
354,2010-12-21,355.0
355,2010-12-22,375.0
356,2010-12-23,354.0
357,2010-12-24,305.0
358,2010-12-25,305.0
359,2010-12-26,305.0
360,2010-12-27,305.0
361,2010-12-28,313.0
362,2010-12-29,304.0
363,2010-12-30,304.0
364,2010-12-31,304.0
365,2011-01-01,297.0
366,2011-01-02,297.0
367,2011-01-03,335.0
368,2011-01-04,387.0
369,2011-01-05,391.0
370,2011-01-06,393.0
371,2011-01-07,438.0
372,2011-01-08,395.0
373,2011-01-09,395.0
374,2011-01-10,426.0
375,2011-01-11,410.0
376,2011-01-12,411.0
377,2011-01-13,419.0
378,2011-01-14,449.0
379,2011-01-15,424.0
380,2011-01-16,414.0
381,2011-01-17,449.0
382,2011-01-18,435.0
383,2011-01-19,453.0
384,2011-01-20,425.0
385,2011-01-21,499.0
386,2011-01-22,488.0
387,2011-01-23,488.0
388,2011-01-24,496.0
389,2011-01-25,517.0
390,2011-01-26,557.0
391,2011-01-27,557.0
392,2011-01-28,600.0
393,2011-01-29,565.0
394,2011-01-30,564.0
395,2011-01-31,579.0
396,2011-02-01,583.0
397,2011-02-02,587.0
398,2011-02-03,576.0
399,2011-02-04,578.0
400,2011-02-05,546.0
401,2011-02-06,546.0
402,2011-02-07,568.0
403,2011-02-08,554.0
404,2011-02-09,556.0
405,2011-02-10,546.0
406,2011-02-11,564.0
407,2011-02-12,549.0
408,2011-02-13,561.0
409,2011-02-14,615.0
410,2011-02-15,602.0
411,2011-02-16,612.0
412,2011-02-17,623.0
413,2011-02-18,604.0
414,2011-02-19,602.0
415,2011-02-20,602.0
416,2011-02-21,630.0
417,2011-02-22,625.0
418,2011-02-23,618.0
419,2011-02-24,654.0
420,2011-02-25,678.0
421,2011-02-26,681.0
422,2011-02-27,681.0
423,2011-02-28,738.0
424,2011-03-01,707.0
425,2011-03-02,681.0
426,2011-03-03,701.0
427,2011-03-04,750.0
428,2011-03-05,716.0
429,2011-03-06,710.0
430,2011-03-07,746.0
431,2011-03-08,683.0
432,2011-03-09,669.0
433,2011-03-10,772.0
434,2011-03-11,779.0
435,2011-03-12,678.0
436,2011-03-13,670.0
437,2011-03-14,709.0
438,2011-03-15,717.0
439,2011-03-16,748.0
440,2011-03-17,797.0
441,2011-03-18,774.0
442,2011-03-19,756.0
443,2011-03-20,750.0
444,2011-03-21,796.0
445,2011-03-22,736.0
446,2011-03-23,758.0
447,2011-03-24,714.0
448,2011-03-25,782.0
449,2011-03-26,679.0
450,2011-03-27,679.0
451,2011-03-28,728.0
452,2011-03-29,762.0
453,2011-03-30,757.0
454,2011-03-31,744.0
455,2011-04-01,704.0
456,2011-04-02,657.0
457,2011-04-03,644.0
458,2011-04-04,762.0
459,2011-04-05,742.0
460,2011-04-06,754.0
461,2011-04-07,751.0
462,2011-04-08,732.0
463,2011-04-09,627.0
464,2011-04-10,627.0
465,2011-04-11,727.0
466,2011-04-12,721.0
467,2011-04-13,717.0
468,2011-04-14,821.0
469,2011-04-15,769.0
470,2011-04-16,773.0
471,2011-04-17,773.0
472,2011-04-18,764.0
473,2011-04-19,588.0
474,2011-04-20,575.0
475,2011-04-21,605.0
476,2011-04-22,570.0
477,2011-04-23,539.0
478,2011-04-24,539.0
479,2011-04-25,539.0
480,2011-04-26,685.0
481,2011-04-27,716.0
482,2011-04-28,695.0
483,2011-04-29,650.0
484,2011-04-30,581.0
485,2011-05-01,581.0
486,2011-05-02,590.0
487,2011-05-03,604.0
488,2011-05-04,604.0
489,2011-05-05,615.0
490,2011-05-06,646.0
491,2011-05-07,593.0
492,2011-05-08,600.0
493,2011-05-09,604.0
494,2011-05-10,613.0
495,2011-05-11,628.0
496,2011-05-12,657.0
497,2011-05-13,657.0
498,2011-05-14,592.0
499,2011-05-15,592.0
500,2011-05-16,672.0
501,2011-05-17,644.0
502,2011-05-18,570.0
503,2011-05-19,571.0
504,2011-05-20,560.0
505,2011-05-21,548.0
506,2011-05-22,548.0
507,2011-05-23,629.0
508,2011-05-24,649.0
509,2011-05-25,648.0
510,2011-05-26,647.0
511,2011-05-27,685.0
512,2011-05-28,579.0
513,2011-05-29,573.0
514,2011-05-30,589.0
515,2011-05-31,591.0
516,2011-06-01,587.0
517,2011-06-02,510.0
518,2011-06-03,512.0
519,2011-06-04,512.0
520,2011-06-05,512.0
521,2011-06-06,559.0
522,2011-06-07,543.0
523,2011-06-08,531.0
524,2011-06-09,531.0
525,2011-06-10,597.0
526,2011-06-11,525.0
527,2011-06-12,520.0
528,2011-06-13,520.0
529,2011-06-14,624.0
530,2011-06-15,598.0
531,2011-06-16,591.0
532,2011-06-17,622.0
533,2011-06-18,605.0
534,2011-06-19,605.0
535,2011-06-20,627.0
536,2011-06-21,626.0
537,2011-06-22,662.0
538,2011-06-23,657.0
539,2011-06-24,676.0
540,2011-06-25,612.0
541,2011-06-26,621.0
542,2011-06-27,668.0
543,2011-06-28,675.0
544,2011-06-29,687.0
545,2011-06-30,738.0
546,2011-07-01,841.0
547,2011-07-02,780.0
548,2011-07-03,772.0
549,2011-07-04,757.0
550,2011-07-05,822.0
551,2011-07-06,815.0
552,2011-07-07,840.0
553,2011-07-08,848.0
554,2011-07-09,828.0
555,2011-07-10,828.0
556,2011-07-11,848.0
557,2011-07-12,789.0
558,2011-07-13,826.0
559,2011-07-14,837.0
560,2011-07-15,794.0
561,2011-07-16,696.0
562,2011-07-17,731.0
563,2011-07-18,731.0
564,2011-07-19,717.0
565,2011-07-20,721.0
566,2011-07-21,535.0
567,2011-07-22,521.0
568,2011-07-23,467.0
569,2011-07-24,467.0
570,2011-07-25,467.0
571,2011-07-26,396.0
572,2011-07-27,397.0
573,2011-07-28,397.0
574,2011-07-29,392.0
575,2011-07-30,372.0
576,2011-07-31,372.0
577,2011-08-01,372.0
578,2011-08-02,388.0
579,2011-08-03,441.0
580,2011-08-04,422.0
581,2011-08-05,435.0
582,2011-08-06,435.0
583,2011-08-07,435.0
584,2011-08-08,435.0
585,2011-08-09,431.0
586,2011-08-10,431.0
587,2011-08-11,490.0
588,2011-08-12,531.0
589,2011-08-13,508.0
590,2011-08-14,520.0
591,2011-08-15,533.0
592,2011-08-16,458.0
593,2011-08-17,492.0
594,2011-08-18,444.0
595,2011-08-19,428.0
596,2011-08-20,407.0
597,2011-08-21,407.0
598,2011-08-22,420.0
599,2011-08-23,417.0
600,2011-08-24,419.0
601,2011-08-25,448.0
602,2011-08-26,464.0
603,2011-08-27,446.0
604,2011-08-28,435.0
605,2011-08-29,473.0
606,2011-08-30,421.0
607,2011-08-31,426.0
608,2011-09-01,517.0
609,2011-09-02,577.0
610,2011-09-03,552.0
611,2011-09-04,552.0
612,2011-09-05,666.0
613,2011-09-06,671.0
614,2011-09-07,640.0
615,2011-09-08,671.0
616,2011-09-09,664.0
617,2011-09-10,669.0
618,2011-09-11,669.0
619,2011-09-12,729.0
620,2011-09-13,621.0
621,2011-09-14,605.0
622,2011-09-15,650.0
623,2011-09-16,675.0
624,2011-09-17,631.0
625,2011-09-18,631.0
626,2011-09-19,677.0
627,2011-09-20,692.0
628,2011-09-21,691.0
629,2011-09-22,782.0
630,2011-09-23,778.0
631,2011-09-24,737.0
632,2011-09-25,737.0
633,2011-09-26,755.0
634,2011-09-27,777.0
635,2011-09-28,747.0
636,2011-09-29,749.0
637,2011-09-30,699.0
638,2011-10-01,592.0
639,2011-10-02,592.0
640,2011-10-03,652.0
641,2011-10-04,563.0
642,2011-10-05,549.0
643,2011-10-06,555.0
644,2011-10-07,602.0
645,2011-10-08,473.0
646,2011-10-09,473.0
647,2011-10-10,569.0
648,2011-10-11,539.0
649,2011-10-12,546.0
650,2011-10-13,554.0
651,2011-10-14,612.0
652,2011-10-15,570.0
653,2011-10-16,570.0
654,2011-10-17,603.0
655,2011-10-18,625.0
656,2011-10-19,655.0
657,2011-10-20,669.0
658,2011-10-21,734.0
659,2011-10-22,707.0
660,2011-10-23,674.0
661,2011-10-24,755.0
662,2011-10-25,679.0
663,2011-10-26,689.0
664,2011-10-27,738.0
665,2011-10-28,738.0
666,2011-10-29,685.0
667,2011-10-30,670.0
668,2011-10-31,701.0
669,2011-11-01,657.0
670,2011-11-02,645.0
671,2011-11-03,663.0
672,2011-11-04,649.0
673,2011-11-05,639.0
674,2011-11-06,631.0
675,2011-11-07,626.0
676,2011-11-08,562.0
677,2011-11-09,595.0
678,2011-11-10,581.0
679,2011-11-11,560.0
680,2011-11-12,508.0
681,2011-11-13,495.0
682,2011-11-14,534.0
683,2011-11-15,532.0
684,2011-11-16,518.0
685,2011-11-17,659.0
686,2011-11-18,661.0
687,2011-11-19,529.0
688,2011-11-20,529.0
689,2011-11-21,591.0
690,2011-11-22,527.0
691,2011-11-23,549.0
692,2011-11-24,542.0
693,2011-11-25,524.0
694,2011-11-26,513.0
695,2011-11-27,522.0
696,2011-11-28,531.0
697,2011-11-29,466.0
698,2011-11-30,451.0
699,2011-12-01,445.0
700,2011-12-02,468.0
701,2011-12-03,444.0
702,2011-12-04,444.0
703,2011-12-05,467.0
704,2011-12-06,526.0
705,2011-12-07,554.0
706,2011-12-08,525.0
707,2011-12-09,544.0
708,2011-12-10,520.0
709,2011-12-11,488.0
710,2011-12-12,508.0
711,2011-12-13,519.0
712,2011-12-14,491.0
713,2011-12-15,492.0
714,2011-12-16,442.0
715,2011-12-17,430.0
716,2011-12-18,430.0
717,2011-12-19,440.0
718,2011-12-20,438.0
719,2011-12-21,424.0
720,2011-12-22,402.0
721,2011-12-23,348.0
722,2011-12-24,303.0
723,2011-12-25,303.0
724,2011-12-26,303.0
725,2011-12-27,303.0
726,2011-12-28,303.0
727,2011-12-29,303.0
728,2011-12-30,303.0
729,2011-12-31,303.0
730,2012-01-01,303.0
731,2012-01-02,362.0
732,2012-01-03,362.0
733,2012-01-04,362.0
734,2012-01-05,362.0
735,2012-01-06,408.0
736,2012-01-07,404.0
737,2012-01-08,404.0
738,2012-01-09,536.0
739,2012-01-10,546.0
740,2012-01-11,561.0
741,2012-01-12,566.0
742,2012-01-13,645.0
743,2012-01-14,615.0
744,2012-01-15,615.0
745,2012-01-16,652.0
746,2012-01-17,602.0
747,2012-01-18,593.0
748,2012-01-19,557.0
749,2012-01-20,604.0
750,2012-01-21,565.0
751,2012-01-22,565.0
752,2012-01-23,604.0
753,2012-01-24,640.0
754,2012-01-25,627.0
755,2012-01-26,630.0
756,2012-01-27,640.0
757,2012-01-28,591.0
758,2012-01-29,591.0
759,2012-01-30,595.0
760,2012-01-31,567.0
761,2012-02-01,549.0
762,2012-02-02,528.0
763,2012-02-03,544.0
764,2012-02-04,528.0
765,2012-02-05,528.0
766,2012-02-06,528.0
767,2012-02-07,518.0
768,2012-02-08,524.0
769,2012-02-09,573.0
770,2012-02-10,593.0
771,2012-02-11,593.0
772,2012-02-12,593.0
773,2012-02-13,603.0
774,2012-02-14,546.0
775,2012-02-15,546.0
776,2012-02-16,569.0
777,2012-02-17,575.0
778,2012-02-18,571.0
779,2012-02-19,571.0
780,2012-02-20,583.0
781,2012-02-21,593.0
782,2012-02-22,596.0
783,2012-02-23,591.0
784,2012-02-24,662.0
785,2012-02-25,684.0
786,2012-02-26,684.0
787,2012-02-27,714.0
788,2012-02-28,704.0
789,2012-02-29,725.0
790,2012-03-01,731.0
791,2012-03-02,723.0
792,2012-03-03,699.0
793,2012-03-04,687.0
794,2012-03-05,737.0
795,2012-03-06,782.0
796,2012-03-07,824.0
797,2012-03-08,775.0
798,2012-03-09,758.0
799,2012-03-10,740.0
800,2012-03-11,740.0
801,2012-03-12,787.0
802,2012-03-13,780.0
803,2012-03-14,769.0
804,2012-03-15,753.0
805,2012-03-16,721.0
806,2012-03-17,707.0
807,2012-03-18,707.0
808,2012-03-19,728.0
809,2012-03-20,651.0
810,2012-03-21,661.0
811,2012-03-22,676.0
812,2012-03-23,759.0
813,2012-03-24,718.0
814,2012-03-25,718.0
815,2012-03-26,752.0
816,2012-03-27,753.0
817,2012-03-28,717.0
818,2012-03-29,725.0
819,2012-03-30,719.0
820,2012-03-31,688.0
821,2012-04-01,688.0
822,2012-04-02,716.0
823,2012-04-03,712.0
824,2012-04-04,657.0
825,2012-04-05,726.0
826,2012-04-06,679.0
827,2012-04-07,669.0
828,2012-04-08,669.0
829,2012-04-09,669.0
830,2012-04-10,714.0
831,2012-04-11,695.0
832,2012-04-12,675.0
833,2012-04-13,683.0
834,2012-04-14,647.0
835,2012-04-15,647.0
836,2012-04-16,654.0
837,2012-04-17,633.0
838,2012-04-18,625.0
839,2012-04-19,656.0
840,2012-04-20,688.0
841,2012-04-21,674.0
842,2012-04-22,678.0
843,2012-04-23,764.0
844,2012-04-24,730.0
845,2012-04-25,698.0
846,2012-04-26,710.0
847,2012-04-27,801.0
848,2012-04-28,754.0
849,2012-04-29,754.0
850,2012-04-30,754.0
851,2012-05-01,874.0
852,2012-05-02,863.0
853,2012-05-03,888.0
854,2012-05-04,894.0
855,2012-05-05,850.0
856,2012-05-06,850.0
857,2012-05-07,896.0
858,2012-05-08,899.0
859,2012-05-09,889.0
860,2012-05-10,859.0
861,2012-05-11,929.0
862,2012-05-12,876.0
863,2012-05-13,811.0
864,2012-05-14,851.0
865,2012-05-15,845.0
866,2012-05-16,854.0
867,2012-05-17,758.0
868,2012-05-18,774.0
869,2012-05-19,771.0
870,2012-05-20,771.0
871,2012-05-21,795.0
872,2012-05-22,734.0
873,2012-05-23,743.0
874,2012-05-24,772.0
875,2012-05-25,846.0
876,2012-05-26,837.0
877,2012-05-27,806.0
878,2012-05-28,806.0
879,2012-05-29,864.0
880,2012-05-30,811.0
881,2012-05-31,839.0
882,2012-06-01,876.0
883,2012-06-02,833.0
884,2012-06-03,814.0
885,2012-06-04,877.0
886,2012-06-05,832.0
887,2012-06-06,830.0
888,2012-06-07,837.0
889,2012-06-08,842.0
890,2012-06-09,810.0
891,2012-06-10,810.0
892,2012-06-11,858.0
893,2012-06-12,853.0
894,2012-06-13,830.0
895,2012-06-14,815.0
896,2012-06-15,847.0
897,2012-06-16,828.0
898,2012-06-17,828.0
899,2012-06-18,884.0
900,2012-06-19,838.0
901,2012-06-20,867.0
902,2012-06-21,905.0
903,2012-06-22,957.0
904,2012-06-23,943.0
905,2012-06-24,943.0
906,2012-06-25,999.0
907,2012-06-26,932.0
908,2012-06-27,949.0
909,2012-06-28,955.0
910,2012-06-29,972.0
911,2012-06-30,921.0
912,2012-07-01,921.0
913,2012-07-02,1079.0
914,2012-07-03,897.0
915,2012-07-04,885.0
916,2012-07-05,872.0
917,2012-07-06,878.0
918,2012-07-07,847.0
919,2012-07-08,847.0
920,2012-07-09,892.0
921,2012-07-10,814.0
922,2012-07-11,809.0
923,2012-07-12,818.0
924,2012-07-13,818.0
925,2012-07-14,733.0
926,2012-07-15,733.0
927,2012-07-16,764.0
928,2012-07-17,771.0
929,2012-07-18,742.0
930,2012-07-19,718.0
931,2012-07-20,706.0
932,2012-07-21,662.0
933,2012-07-22,662.0
934,2012-07-23,737.0
935,2012-07-24,704.0
936,2012-07-25,683.0
937,2012-07-26,673.0
938,2012-07-27,685.0
939,2012-07-28,622.0
940,2012-07-29,622.0
941,2012-07-30,697.0
942,2012-07-31,753.0
943,2012-08-01,741.0
944,2012-08-02,724.0
945,2012-08-03,698.0
946,2012-08-04,698.0
947,2012-08-05,698.0
948,2012-08-06,734.0
949,2012-08-07,731.0
950,2012-08-08,734.0
951,2012-08-09,748.0
952,2012-08-10,839.0
953,2012-08-11,783.0
954,2012-08-12,783.0
955,2012-08-13,823.0
956,2012-08-14,795.0
957,2012-08-15,786.0
958,2012-08-16,937.0
959,2012-08-17,943.0
960,2012-08-18,893.0
961,2012-08-19,895.0
962,2012-08-20,928.0
963,2012-08-21,893.0
964,2012-08-22,910.0
965,2012-08-23,972.0
966,2012-08-24,1015.0
967,2012-08-25,1003.0
968,2012-08-26,1003.0
969,2012-08-27,1041.0
970,2012-08-28,870.0
971,2012-08-29,880.0
972,2012-08-30,911.0
973,2012-08-31,925.0
974,2012-09-01,760.0
975,2012-09-02,759.0
976,2012-09-03,811.0
977,2012-09-04,780.0
978,2012-09-05,766.0
979,2012-09-06,742.0
980,2012-09-07,746.0
981,2012-09-08,722.0
982,2012-09-09,724.0
983,2012-09-10,738.0
984,2012-09-11,729.0
985,2012-09-12,727.0
986,2012-09-13,768.0
987,2012-09-14,807.0
988,2012-09-15,748.0
989,2012-09-16,748.0
990,2012-09-17,828.0
991,2012-09-18,781.0
992,2012-09-19,779.0
993,2012-09-20,783.0
994,2012-09-21,806.0
995,2012-09-22,747.0
996,2012-09-23,754.0
997,2012-09-24,811.0
998,2012-09-25,794.0
999,2012-09-26,811.0
1000,2012-09-27,801.0
1001,2012-09-28,862.0
1002,2012-09-29,832.0
1003,2012-09-30,832.0
1004,2012-10-01,830.0
1005,2012-10-02,819.0
1006,2012-10-03,812.0
1007,2012-10-04,762.0
1008,2012-10-05,802.0
1009,2012-10-06,795.0
1010,2012-10-07,795.0
1011,2012-10-08,825.0
1012,2012-10-09,880.0
1013,2012-10-10,870.0
1014,2012-10-11,863.0
1015,2012-10-12,929.0
1016,2012-10-13,855.0
1017,2012-10-14,855.0
1018,2012-10-15,911.0
1019,2012-10-16,803.0
1020,2012-10-17,803.0
1021,2012-10-18,808.0
1022,2012-10-19,820.0
1023,2012-10-20,759.0
1024,2012-10-21,759.0
1025,2012-10-22,830.0
1026,2012-10-23,818.0
1027,2012-10-24,747.0
1028,2012-10-25,793.0
1029,2012-10-26,787.0
1030,2012-10-27,669.0
1031,2012-10-28,656.0
1032,2012-10-29,761.0
1033,2012-10-30,763.0
1034,2012-10-31,748.0
1035,2012-11-01,799.0
1036,2012-11-02,871.0
1037,2012-11-03,817.0
1038,2012-11-04,817.0
1039,2012-11-05,897.0
1040,2012-11-06,788.0
1041,2012-11-07,786.0
1042,2012-11-08,791.0
1043,2012-11-09,775.0
1044,2012-11-10,642.0
1045,2012-11-11,639.0
1046,2012-11-12,705.0
1047,2012-11-13,674.0
1048,2012-11-14,680.0
1049,2012-11-15,643.0
1050,2012-11-16,607.0
1051,2012-11-17,553.0
1052,2012-11-18,535.0
1053,2012-11-19,558.0
1054,2012-11-20,532.0
1055,2012-11-21,549.0
1056,2012-11-22,612.0
1057,2012-11-23,651.0
1058,2012-11-24,598.0
1059,2012-11-25,598.0
1060,2012-11-26,634.0
1061,2012-11-27,666.0
1062,2012-11-28,677.0
1063,2012-11-29,690.0
1064,2012-11-30,682.0
1065,2012-12-01,643.0
1066,2012-12-02,637.0
1067,2012-12-03,658.0
1068,2012-12-04,605.0
1069,2012-12-05,604.0
1070,2012-12-06,636.0
1071,2012-12-07,635.0
1072,2012-12-08,577.0
1073,2012-12-09,577.0
1074,2012-12-10,615.0
1075,2012-12-11,617.0
1076,2012-12-12,597.0
1077,2012-12-13,521.0
1078,2012-12-14,576.0
1079,2012-12-15,571.0
1080,2012-12-16,571.0
1081,2012-12-17,618.0
1082,2012-12-18,546.0
1083,2012-12-19,567.0
1084,2012-12-20,476.0
1085,2012-12-21,433.0
1086,2012-12-22,362.0
1087,2012-12-23,362.0
1088,2012-12-24,362.0
1089,2012-12-25,362.0
1090,2012-12-26,362.0
1091,2012-12-27,359.0
1092,2012-12-28,359.0
1093,2012-12-29,359.0
1094,2012-12-30,359.0
1095,2012-12-31,359.0
1096,2013-01-01,359.0
1097,2013-01-02,365.0
1098,2013-01-03,373.0
1099,2013-01-04,453.0
1100,2013-01-05,447.0
1101,2013-01-06,447.0
1102,2013-01-07,467.0
1103,2013-01-08,467.0
1104,2013-01-09,476.0
1105,2013-01-10,502.0
1106,2013-01-11,518.0
1107,2013-01-12,509.0
1108,2013-01-13,509.0
1109,2013-01-14,520.0
1110,2013-01-15,515.0
1111,2013-01-16,496.0
1112,2013-01-17,498.0
1113,2013-01-18,504.0
1114,2013-01-19,504.0
1115,2013-01-20,504.0
1116,2013-01-21,504.0
1117,2013-01-22,504.0
1118,2013-01-23,515.0
1119,2013-01-24,518.0
1120,2013-01-25,518.0
1121,2013-01-26,505.0
1122,2013-01-27,505.0
1123,2013-01-28,525.0
1124,2013-01-29,515.0
1125,2013-01-30,536.0
1126,2013-01-31,509.0
1127,2013-02-01,556.0
1128,2013-02-02,536.0
1129,2013-02-03,536.0
1130,2013-02-04,539.0
1131,2013-02-05,539.0
1132,2013-02-06,545.0
1133,2013-02-07,583.0
1134,2013-02-08,593.0
1135,2013-02-09,580.0
1136,2013-02-10,580.0
1137,2013-02-11,589.0
1138,2013-02-12,590.0
1139,2013-02-13,577.0
1140,2013-02-14,552.0
1141,2013-02-15,582.0
1142,2013-02-16,538.0
1143,2013-02-17,538.0
1144,2013-02-18,592.0
1145,2013-02-19,618.0
1146,2013-02-20,629.0
1147,2013-02-21,675.0
1148,2013-02-22,708.0
1149,2013-02-23,674.0
1150,2013-02-24,669.0
1151,2013-02-25,690.0
1152,2013-02-26,601.0
1153,2013-02-27,590.0
1154,2013-02-28,593.0
1155,2013-03-01,632.0
1156,2013-03-02,618.0
1157,2013-03-03,622.0
1158,2013-03-04,686.0
1159,2013-03-05,701.0
1160,2013-03-06,712.0
1161,2013-03-07,673.0
1162,2013-03-08,803.0
1163,2013-03-09,781.0
1164,2013-03-10,774.0
1165,2013-03-11,864.0
1166,2013-03-12,838.0
1167,2013-03-13,854.0
1168,2013-03-14,824.0
1169,2013-03-15,855.0
1170,2013-03-16,794.0
1171,2013-03-17,794.0
1172,2013-03-18,830.0
1173,2013-03-19,847.0
1174,2013-03-20,837.0
1175,2013-03-21,859.0
1176,2013-03-22,930.0
1177,2013-03-23,894.0
1178,2013-03-24,894.0
1179,2013-03-25,943.0
1180,2013-03-26,807.0
1181,2013-03-27,795.0
1182,2013-03-28,832.0
1183,2013-03-29,812.0
1184,2013-03-30,812.0
1185,2013-03-31,812.0
1186,2013-04-01,820.0
1187,2013-04-02,925.0
1188,2013-04-03,1028.0
1189,2013-04-04,964.0
1190,2013-04-05,1035.0
1191,2013-04-06,938.0
1192,2013-04-07,938.0
1193,2013-04-08,966.0
1194,2013-04-09,940.0
1195,2013-04-10,998.0
1196,2013-04-11,1003.0
1197,2013-04-12,957.0
1198,2013-04-13,862.0
1199,2013-04-14,862.0
1200,2013-04-15,921.0
1201,2013-04-16,891.0
1202,2013-04-17,938.0
1203,2013-04-18,948.0
1204,2013-04-19,898.0
1205,2013-04-20,850.0
1206,2013-04-21,850.0
1207,2013-04-22,867.0
1208,2013-04-23,819.0
1209,2013-04-24,836.0
1210,2013-04-25,910.0
1211,2013-04-26,907.0
1212,2013-04-27,865.0
1213,2013-04-28,851.0
1214,2013-04-29,930.0
1215,2013-04-30,803.0
1216,2013-05-01,822.0
1217,2013-05-02,824.0
1218,2013-05-03,822.0
1219,2013-05-04,782.0
1220,2013-05-05,782.0
1221,2013-05-06,814.0
1222,2013-05-07,788.0
1223,2013-05-08,793.0
1224,2013-05-09,734.0
1225,2013-05-10,733.0
1226,2013-05-11,733.0
1227,2013-05-12,741.0
1228,2013-05-13,791.0
1229,2013-05-14,799.0
1230,2013-05-15,830.0
1231,2013-05-16,937.0
1232,2013-05-17,960.0
1233,2013-05-18,845.0
1234,2013-05-19,845.0
1235,2013-05-20,845.0
1236,2013-05-21,878.0
1237,2013-05-22,849.0
1238,2013-05-23,815.0
1239,2013-05-24,784.0
1240,2013-05-25,756.0
1241,2013-05-26,756.0
1242,2013-05-27,809.0
1243,2013-05-28,779.0
1244,2013-05-29,789.0
1245,2013-05-30,801.0
1246,2013-05-31,883.0
1247,2013-06-01,813.0
1248,2013-06-02,796.0
1249,2013-06-03,811.0
1250,2013-06-04,774.0
1251,2013-06-05,708.0
1252,2013-06-06,692.0
1253,2013-06-07,733.0
1254,2013-06-08,667.0
1255,2013-06-09,667.0
1256,2013-06-10,712.0
1257,2013-06-11,672.0
1258,2013-06-12,642.0
1259,2013-06-13,758.0
1260,2013-06-14,805.0
1261,2013-06-15,730.0
1262,2013-06-16,730.0
1263,2013-06-17,763.0
1264,2013-06-18,691.0
1265,2013-06-19,623.0
1266,2013-06-20,646.0
1267,2013-06-21,716.0
1268,2013-06-22,678.0
1269,2013-06-23,678.0
1270,2013-06-24,804.0
1271,2013-06-25,825.0
1272,2013-06-26,823.0
1273,2013-06-27,799.0
1274,2013-06-28,892.0
1275,2013-06-29,876.0
1276,2013-06-30,925.0
1277,2013-07-01,927.0
1278,2013-07-02,876.0
1279,2013-07-03,908.0
1280,2013-07-04,905.0
1281,2013-07-05,924.0
1282,2013-07-06,861.0
1283,2013-07-07,861.0
1284,2013-07-08,921.0
1285,2013-07-09,910.0
1286,2013-07-10,909.0
1287,2013-07-11,896.0
1288,2013-07-12,944.0
1289,2013-07-13,902.0
1290,2013-07-14,902.0
1291,2013-07-15,991.0
1292,2013-07-16,981.0
1293,2013-07-17,1006.0
1294,2013-07-18,1044.0
1295,2013-07-19,1136.0
1296,2013-07-20,1052.0
1297,2013-07-21,1052.0
1298,2013-07-22,1082.0
1299,2013-07-23,949.0
1300,2013-07-24,880.0
1301,2013-07-25,866.0
1302,2013-07-26,872.0
1303,2013-07-27,786.0
1304,2013-07-28,776.0
1305,2013-07-29,800.0
1306,2013-07-30,726.0
1307,2013-07-31,722.0
1308,2013-08-01,777.0
1309,2013-08-02,797.0
1310,2013-08-03,736.0
1311,2013-08-04,736.0
1312,2013-08-05,764.0
1313,2013-08-06,769.0
1314,2013-08-07,726.0
1315,2013-08-08,731.0
1316,2013-08-09,667.0
1317,2013-08-10,691.0
1318,2013-08-11,667.0
1319,2013-08-12,671.0
1320,2013-08-13,623.0
1321,2013-08-14,642.0
1322,2013-08-15,683.0
1323,2013-08-16,795.0
1324,2013-08-17,735.0
1325,2013-08-18,735.0
1326,2013-08-19,761.0
1327,2013-08-20,761.0
1328,2013-08-21,778.0
1329,2013-08-22,815.0
1330,2013-08-23,837.0
1331,2013-08-24,787.0
1332,2013-08-25,787.0
1333,2013-08-26,843.0
1334,2013-08-27,799.0
1335,2013-08-28,770.0
1336,2013-08-29,815.0
1337,2013-08-30,844.0
1338,2013-08-31,771.0
1339,2013-09-01,752.0
1340,2013-09-02,792.0
1341,2013-09-03,721.0
1342,2013-09-04,870.0
1343,2013-09-05,890.0
1344,2013-09-06,890.0
1345,2013-09-07,765.0
1346,2013-09-08,755.0
1347,2013-09-09,812.0
1348,2013-09-10,807.0
1349,2013-09-11,744.0
1350,2013-09-12,734.0
1351,2013-09-13,789.0
1352,2013-09-14,745.0
1353,2013-09-15,745.0
1354,2013-09-16,770.0
1355,2013-09-17,841.0
1356,2013-09-18,847.0
1357,2013-09-19,820.0
1358,2013-09-20,858.0
1359,2013-09-21,846.0
1360,2013-09-22,846.0
1361,2013-09-23,864.0
1362,2013-09-24,827.0
1363,2013-09-25,817.0
1364,2013-09-26,811.0
1365,2013-09-27,837.0
1366,2013-09-28,781.0
1367,2013-09-29,781.0
1368,2013-09-30,812.0
1369,2013-10-01,678.0
1370,2013-10-02,671.0
1371,2013-10-03,663.0
1372,2013-10-04,774.0
1373,2013-10-05,726.0
1374,2013-10-06,726.0
1375,2013-10-07,788.0
1376,2013-10-08,763.0
1377,2013-10-09,734.0
1378,2013-10-10,747.0
1379,2013-10-11,734.0
1380,2013-10-12,719.0
1381,2013-10-13,719.0
1382,2013-10-14,849.0
1383,2013-10-15,793.0
1384,2013-10-16,800.0
1385,2013-10-17,815.0
1386,2013-10-18,841.0
1387,2013-10-19,706.0
1388,2013-10-20,712.0
1389,2013-10-21,778.0
1390,2013-10-22,722.0
1391,2013-10-23,730.0
1392,2013-10-24,677.0
1393,2013-10-25,757.0
1394,2013-10-26,713.0
1395,2013-10-27,713.0
1396,2013-10-28,759.0
1397,2013-10-29,722.0
1398,2013-10-30,710.0
1399,2013-10-31,730.0
1400,2013-11-01,829.0
1401,2013-11-02,793.0
1402,2013-11-03,793.0
1403,2013-11-04,860.0
1404,2013-11-05,811.0
1405,2013-11-06,800.0
1406,2013-11-07,783.0
1407,2013-11-08,863.0
1408,2013-11-09,891.0
1409,2013-11-10,846.0
1410,2013-11-11,896.0
1411,2013-11-12,878.0
1412,2013-11-13,902.0
1413,2013-11-14,923.0
1414,2013-11-15,909.0
1415,2013-11-16,787.0
1416,2013-11-17,787.0
1417,2013-11-18,819.0
1418,2013-11-19,790.0
1419,2013-11-20,830.0
1420,2013-11-21,850.0
1421,2013-11-22,895.0
1422,2013-11-23,806.0
1423,2013-11-24,806.0
1424,2013-11-25,832.0
1425,2013-11-26,850.0
1426,2013-11-27,861.0
1427,2013-11-28,885.0
1428,2013-11-29,884.0
1429,2013-11-30,791.0
1430,2013-12-01,785.0
1431,2013-12-02,853.0
1432,2013-12-03,790.0
1433,2013-12-04,765.0
1434,2013-12-05,773.0
1435,2013-12-06,796.0
1436,2013-12-07,785.0
1437,2013-12-08,785.0
1438,2013-12-09,794.0
1439,2013-12-10,713.0
1440,2013-12-11,719.0
1441,2013-12-12,734.0
1442,2013-12-13,725.0
1443,2013-12-14,642.0
1444,2013-12-15,642.0
1445,2013-12-16,638.0
1446,2013-12-17,616.0
1447,2013-12-18,621.0
1448,2013-12-19,601.0
1449,2013-12-20,582.0
1450,2013-12-21,453.0
1451,2013-12-22,458.0
1452,2013-12-23,454.0
1453,2013-12-24,442.0
1454,2013-12-25,442.0
1455,2013-12-26,442.0
1456,2013-12-27,442.0
1457,2013-12-28,442.0
1458,2013-12-29,442.0
1459,2013-12-30,448.0
1460,2013-12-31,408.0
1461,2014-01-01,408.0
1462,2014-01-02,408.0
1463,2014-01-03,468.0
1464,2014-01-04,463.0
1465,2014-01-05,463.0
1466,2014-01-06,492.0
1467,2014-01-07,483.0
1468,2014-01-08,493.0
1469,2014-01-09,501.0
1470,2014-01-10,590.0
1471,2014-01-11,570.0
1472,2014-01-12,555.0
1473,2014-01-13,585.0
1474,2014-01-14,590.0
1475,2014-01-15,570.0
1476,2014-01-16,570.0
1477,2014-01-17,591.0
1478,2014-01-18,554.0
1479,2014-01-19,554.0
1480,2014-01-20,611.0
1481,2014-01-21,532.0
1482,2014-01-22,533.0
1483,2014-01-23,573.0
1484,2014-01-24,587.0
1485,2014-01-25,552.0
1486,2014-01-26,550.0
1487,2014-01-27,565.0
1488,2014-01-28,591.0
1489,2014-01-29,590.0
1490,2014-01-30,535.0
1491,2014-01-31,569.0
1492,2014-02-01,496.0
1493,2014-02-02,517.0
1494,2014-02-03,577.0
1495,2014-02-04,560.0
1496,2014-02-05,558.0
1497,2014-02-06,548.0
1498,2014-02-07,600.0
1499,2014-02-08,578.0
1500,2014-02-09,578.0
1501,2014-02-10,661.0
1502,2014-02-11,591.0
1503,2014-02-12,574.0
1504,2014-02-13,612.0
1505,2014-02-14,631.0
1506,2014-02-15,597.0
1507,2014-02-16,597.0
1508,2014-02-17,620.0
1509,2014-02-18,606.0
1510,2014-02-19,651.0
1511,2014-02-20,649.0
1512,2014-02-21,669.0
1513,2014-02-22,526.0
1514,2014-02-23,526.0
1515,2014-02-24,532.0
1516,2014-02-25,506.0
1517,2014-02-26,522.0
1518,2014-02-27,527.0
1519,2014-02-28,561.0
1520,2014-03-01,532.0
1521,2014-03-02,532.0
1522,2014-03-03,585.0
1523,2014-03-04,567.0
1524,2014-03-05,560.0
1525,2014-03-06,571.0
1526,2014-03-07,591.0
1527,2014-03-08,556.0
1528,2014-03-09,556.0
1529,2014-03-10,577.0
1530,2014-03-11,527.0
1531,2014-03-12,529.0
1532,2014-03-13,514.0
1533,2014-03-14,561.0
1534,2014-03-15,507.0
1535,2014-03-16,507.0
1536,2014-03-17,549.0
1537,2014-03-18,498.0
1538,2014-03-19,545.0
1539,2014-03-20,517.0
1540,2014-03-21,526.0
1541,2014-03-22,471.0
1542,2014-03-23,471.0
1543,2014-03-24,499.0
1544,2014-03-25,503.0
1545,2014-03-26,525.0
1546,2014-03-27,552.0
1547,2014-03-28,663.0
1548,2014-03-29,660.0
1549,2014-03-30,660.0
1550,2014-03-31,683.0
1551,2014-04-01,610.0
1552,2014-04-02,616.0
1553,2014-04-03,595.0
1554,2014-04-04,746.0
1555,2014-04-05,683.0
1556,2014-04-06,683.0
1557,2014-04-07,699.0
1558,2014-04-08,572.0
1559,2014-04-09,605.0
1560,2014-04-10,615.0
1561,2014-04-11,619.0
1562,2014-04-12,611.0
1563,2014-04-13,611.0
1564,2014-04-14,619.0
1565,2014-04-15,574.0
1566,2014-04-16,574.0
1567,2014-04-17,686.0
1568,2014-04-18,653.0
1569,2014-04-19,653.0
1570,2014-04-20,655.0
1571,2014-04-21,655.0
1572,2014-04-22,690.0
1573,2014-04-23,711.0
1574,2014-04-24,714.0
1575,2014-04-25,744.0
1576,2014-04-26,738.0
1577,2014-04-27,738.0
1578,2014-04-28,801.0
1579,2014-04-29,808.0
1580,2014-04-30,747.0
1581,2014-05-01,730.0
1582,2014-05-02,789.0
1583,2014-05-03,759.0
1584,2014-05-04,759.0
1585,2014-05-05,827.0
1586,2014-05-06,746.0
1587,2014-05-07,784.0
1588,2014-05-08,761.0
1589,2014-05-09,815.0
1590,2014-05-10,711.0
1591,2014-05-11,711.0
1592,2014-05-12,756.0
1593,2014-05-13,774.0
1594,2014-05-14,768.0
1595,2014-05-15,753.0
1596,2014-05-16,776.0
1597,2014-05-17,736.0
1598,2014-05-18,744.0
1599,2014-05-19,781.0
1600,2014-05-20,700.0
1601,2014-05-21,724.0
1602,2014-05-22,710.0
1603,2014-05-23,779.0
1604,2014-05-24,687.0
1605,2014-05-25,687.0
1606,2014-05-26,725.0
1607,2014-05-27,667.0
1608,2014-05-28,687.0
1609,2014-05-29,680.0
1610,2014-05-30,755.0
1611,2014-05-31,747.0
1612,2014-06-01,747.0
1613,2014-06-02,848.0
1614,2014-06-03,819.0
1615,2014-06-04,849.0
1616,2014-06-05,898.0
1617,2014-06-06,857.0
1618,2014-06-07,708.0
1619,2014-06-08,708.0
1620,2014-06-09,718.0
1621,2014-06-10,764.0
1622,2014-06-11,632.0
1623,2014-06-12,647.0
1624,2014-06-13,718.0
1625,2014-06-14,692.0
1626,2014-06-15,692.0
1627,2014-06-16,739.0
1628,2014-06-17,638.0
1629,2014-06-18,596.0
1630,2014-06-19,611.0
1631,2014-06-20,702.0
1632,2014-06-21,677.0
1633,2014-06-22,677.0
1634,2014-06-23,699.0
1635,2014-06-24,661.0
1636,2014-06-25,657.0
1637,2014-06-26,648.0
1638,2014-06-27,629.0
1639,2014-06-28,561.0
1640,2014-06-29,561.0
1641,2014-06-30,599.0
1642,2014-07-01,563.0
1643,2014-07-02,572.0
1644,2014-07-03,567.0
1645,2014-07-04,574.0
1646,2014-07-05,555.0
1647,2014-07-06,555.0
1648,2014-07-07,606.0
1649,2014-07-08,614.0
1650,2014-07-09,591.0
1651,2014-07-10,608.0
1652,2014-07-11,598.0
1653,2014-07-12,538.0
1654,2014-07-13,538.0
1655,2014-07-14,585.0
1656,2014-07-15,597.0
1657,2014-07-16,659.0
1658,2014-07-17,613.0
1659,2014-07-18,635.0
1660,2014-07-19,549.0
1661,2014-07-20,549.0
1662,2014-07-21,581.0
1663,2014-07-22,530.0
1664,2014-07-23,504.0
1665,2014-07-24,609.0
1666,2014-07-25,624.0
1667,2014-07-26,566.0
1668,2014-07-27,569.0
1669,2014-07-28,603.0
1670,2014-07-29,574.0
1671,2014-07-30,568.0
1672,2014-07-31,587.0
1673,2014-08-01,569.0
1674,2014-08-02,562.0
1675,2014-08-03,562.0
1676,2014-08-04,609.0
1677,2014-08-05,680.0
1678,2014-08-06,656.0
1679,2014-08-07,659.0
1680,2014-08-08,659.0
1681,2014-08-09,623.0
1682,2014-08-10,623.0
1683,2014-08-11,648.0
1684,2014-08-12,651.0
1685,2014-08-13,682.0
1686,2014-08-14,744.0
1687,2014-08-15,780.0
1688,2014-08-16,745.0
1689,2014-08-17,742.0
1690,2014-08-18,850.0
1691,2014-08-19,886.0
1692,2014-08-20,829.0
1693,2014-08-21,797.0
1694,2014-08-22,880.0
1695,2014-08-23,737.0
1696,2014-08-24,644.0
1697,2014-08-25,680.0
1698,2014-08-26,626.0
1699,2014-08-27,642.0
1700,2014-08-28,752.0
1701,2014-08-29,847.0
1702,2014-08-30,708.0
1703,2014-08-31,691.0
1704,2014-09-01,720.0
1705,2014-09-02,572.0
1706,2014-09-03,726.0
1707,2014-09-04,744.0
1708,2014-09-05,835.0
1709,2014-09-06,829.0
1710,2014-09-07,829.0
1711,2014-09-08,892.0
1712,2014-09-09,902.0
1713,2014-09-10,761.0
1714,2014-09-11,780.0
1715,2014-09-12,817.0
1716,2014-09-13,733.0
1717,2014-09-14,736.0
1718,2014-09-15,853.0
1719,2014-09-16,667.0
1720,2014-09-17,687.0
1721,2014-09-18,696.0
1722,2014-09-19,722.0
1723,2014-09-20,688.0
1724,2014-09-21,688.0
1725,2014-09-22,692.0
1726,2014-09-23,644.0
1727,2014-09-24,644.0
1728,2014-09-25,621.0
1729,2014-09-26,695.0
1730,2014-09-27,644.0
1731,2014-09-28,644.0
1732,2014-09-29,693.0
1733,2014-09-30,658.0
1734,2014-10-01,655.0
1735,2014-10-02,668.0
1736,2014-10-03,716.0
1737,2014-10-04,692.0
1738,2014-10-05,692.0
1739,2014-10-06,713.0
1740,2014-10-07,671.0
1741,2014-10-08,690.0
1742,2014-10-09,718.0
1743,2014-10-10,716.0
1744,2014-10-11,720.0
1745,2014-10-12,720.0
1746,2014-10-13,761.0
1747,2014-10-14,719.0
1748,2014-10-15,746.0
1749,2014-10-16,701.0
1750,2014-10-17,725.0
1751,2014-10-18,859.0
1752,2014-10-19,859.0
1753,2014-10-20,908.0
1754,2014-10-21,829.0
1755,2014-10-22,848.0
1756,2014-10-23,848.0
1757,2014-10-24,850.0
1758,2014-10-25,814.0
1759,2014-10-26,814.0
1760,2014-10-27,837.0
1761,2014-10-28,620.0
1762,2014-10-29,622.0
1763,2014-10-30,644.0
1764,2014-10-31,654.0
1765,2014-11-01,600.0
1766,2014-11-02,600.0
1767,2014-11-03,631.0
1768,2014-11-04,664.0
1769,2014-11-05,650.0
1770,2014-11-06,668.0
1771,2014-11-07,744.0
1772,2014-11-08,682.0
1773,2014-11-09,685.0
1774,2014-11-10,734.0
1775,2014-11-11,717.0
1776,2014-11-12,733.0
1777,2014-11-13,748.0
1778,2014-11-14,736.0
1779,2014-11-15,705.0
1780,2014-11-16,693.0
1781,2014-11-17,734.0
1782,2014-11-18,665.0
1783,2014-11-19,637.0
1784,2014-11-20,620.0
1785,2014-11-21,683.0
1786,2014-11-22,660.0
1787,2014-11-23,674.0
1788,2014-11-24,761.0
1789,2014-11-25,732.0
1790,2014-11-26,705.0
1791,2014-11-27,643.0
1792,2014-11-28,671.0
1793,2014-11-29,611.0
1794,2014-11-30,611.0
1795,2014-12-01,665.0
1796,2014-12-02,652.0
1797,2014-12-03,640.0
1798,2014-12-04,715.0
1799,2014-12-05,748.0
1800,2014-12-06,704.0
1801,2014-12-07,704.0
1802,2014-12-08,716.0
1803,2014-12-09,661.0
1804,2014-12-10,662.0
1805,2014-12-11,638.0
1806,2014-12-12,658.0
1807,2014-12-13,611.0
1808,2014-12-14,589.0
1809,2014-12-15,639.0
1810,2014-12-16,628.0
1811,2014-12-17,617.0
1812,2014-12-18,609.0
1813,2014-12-19,575.0
1814,2014-12-20,466.0
1815,2014-12-21,466.0
1816,2014-12-22,470.0
1817,2014-12-23,442.0
1818,2014-12-24,426.0
1819,2014-12-25,413.0
1820,2014-12-26,413.0
1821,2014-12-27,413.0
1822,2014-12-28,413.0
1823,2014-12-29,413.0
1824,2014-12-30,413.0
1825,2014-12-31,413.0
1826,2015-01-01,413.0
1827,2015-01-02,461.0
1828,2015-01-03,461.0
1829,2015-01-04,461.0
1830,2015-01-05,469.0
1831,2015-01-06,479.0
1832,2015-01-07,476.0
1833,2015-01-08,491.0
1834,2015-01-09,490.0
1835,2015-01-10,441.0
1836,2015-01-11,441.0
1837,2015-01-12,476.0
1838,2015-01-13,471.0
1839,2015-01-14,484.0
1840,2015-01-15,459.0
1841,2015-01-16,451.0
1842,2015-01-17,442.0
1843,2015-01-18,442.0
1844,2015-01-19,495.0
1845,2015-01-20,468.0
1846,2015-01-21,479.0
1847,2015-01-22,481.0
1848,2015-01-23,477.0
1849,2015-01-24,465.0
1850,2015-01-25,465.0
1851,2015-01-26,509.0
1852,2015-01-27,505.0
1853,2015-01-28,515.0
1854,2015-01-29,520.0
1855,2015-01-30,530.0
1856,2015-01-31,516.0
1857,2015-02-01,520.0
1858,2015-02-02,533.0
1859,2015-02-03,526.0
1860,2015-02-04,527.0
1861,2015-02-05,551.0
1862,2015-02-06,579.0
1863,2015-02-07,561.0
1864,2015-02-08,561.0
1865,2015-02-09,580.0
1866,2015-02-10,591.0
1867,2015-02-11,578.0
1868,2015-02-12,594.0
1869,2015-02-13,582.0
1870,2015-02-14,554.0
1871,2015-02-15,554.0
1872,2015-02-16,602.0
1873,2015-02-17,600.0
1874,2015-02-18,634.0
1875,2015-02-19,714.0
1876,2015-02-20,782.0
1877,2015-02-21,747.0
1878,2015-02-22,754.0
1879,2015-02-23,751.0
1880,2015-02-24,767.0
1881,2015-02-25,749.0
1882,2015-02-26,735.0
1883,2015-02-27,756.0
1884,2015-02-28,701.0
1885,2015-03-01,689.0
1886,2015-03-02,738.0
1887,2015-03-03,661.0
1888,2015-03-04,665.0
1889,2015-03-05,653.0
1890,2015-03-06,643.0
1891,2015-03-07,622.0
1892,2015-03-08,622.0
1893,2015-03-09,661.0
1894,2015-03-10,664.0
1895,2015-03-11,697.0
1896,2015-03-12,682.0
1897,2015-03-13,671.0
1898,2015-03-14,587.0
1899,2015-03-15,587.0
1900,2015-03-16,665.0
1901,2015-03-17,661.0
1902,2015-03-18,658.0
1903,2015-03-19,672.0
1904,2015-03-20,612.0
1905,2015-03-21,588.0
1906,2015-03-22,588.0
1907,2015-03-23,610.0
1908,2015-03-24,634.0
1909,2015-03-25,635.0
1910,2015-03-26,651.0
1911,2015-03-27,681.0
1912,2015-03-28,595.0
1913,2015-03-29,575.0
1914,2015-03-30,592.0
1915,2015-03-31,579.0
1916,2015-04-01,594.0
1917,2015-04-02,611.0
1918,2015-04-03,587.0
1919,2015-04-04,576.0
1920,2015-04-05,559.0
1921,2015-04-06,559.0
1922,2015-04-07,625.0
1923,2015-04-08,596.0
1924,2015-04-09,609.0
1925,2015-04-10,636.0
1926,2015-04-11,628.0
1927,2015-04-12,628.0
1928,2015-04-13,667.0
1929,2015-04-14,657.0
1930,2015-04-15,646.0
1931,2015-04-16,668.0
1932,2015-04-17,709.0
1933,2015-04-18,698.0
1934,2015-04-19,698.0
1935,2015-04-20,724.0
1936,2015-04-21,711.0
1937,2015-04-22,707.0
1938,2015-04-23,717.0
1939,2015-04-24,733.0
1940,2015-04-25,684.0
1941,2015-04-26,684.0
1942,2015-04-27,684.0
1943,2015-04-28,688.0
1944,2015-04-29,623.0
1945,2015-04-30,647.0
1946,2015-05-01,676.0
1947,2015-05-02,650.0
1948,2015-05-03,639.0
1949,2015-05-04,659.0
1950,2015-05-05,659.0
1951,2015-05-06,670.0
1952,2015-05-07,675.0
1953,2015-05-08,755.0
1954,2015-05-09,726.0
1955,2015-05-10,704.0
1956,2015-05-11,772.0
1957,2015-05-12,682.0
1958,2015-05-13,670.0
1959,2015-05-14,653.0
1960,2015-05-15,661.0
1961,2015-05-16,661.0
1962,2015-05-17,661.0
1963,2015-05-18,724.0
1964,2015-05-19,682.0
1965,2015-05-20,682.0
1966,2015-05-21,744.0
1967,2015-05-22,710.0
1968,2015-05-23,661.0
1969,2015-05-24,661.0
1970,2015-05-25,665.0
1971,2015-05-26,663.0
1972,2015-05-27,646.0
1973,2015-05-28,671.0
1974,2015-05-29,681.0
1975,2015-05-30,641.0
1976,2015-05-31,635.0
1977,2015-06-01,651.0
1978,2015-06-02,709.0
1979,2015-06-03,734.0
1980,2015-06-04,742.0
1981,2015-06-05,724.0
1982,2015-06-06,733.0
1983,2015-06-07,727.0
1984,2015-06-08,737.0
1985,2015-06-09,736.0
1986,2015-06-10,745.0
1987,2015-06-11,751.0
1988,2015-06-12,789.0
1989,2015-06-13,759.0
1990,2015-06-14,759.0
1991,2015-06-15,804.0
1992,2015-06-16,731.0
1993,2015-06-17,749.0
1994,2015-06-18,725.0
1995,2015-06-19,755.0
1996,2015-06-20,711.0
1997,2015-06-21,711.0
1998,2015-06-22,744.0
1999,2015-06-23,739.0
2000,2015-06-24,739.0
2001,2015-06-25,724.0
2002,2015-06-26,741.0
2003,2015-06-27,737.0
2004,2015-06-28,709.0
2005,2015-06-29,714.0
2006,2015-06-30,617.0
2007,2015-07-01,601.0
2008,2015-07-02,618.0
2009,2015-07-03,672.0
2010,2015-07-04,644.0
2011,2015-07-05,669.0
2012,2015-07-06,703.0
2013,2015-07-07,649.0
2014,2015-07-08,622.0
2015,2015-07-09,626.0
2016,2015-07-10,672.0
2017,2015-07-11,658.0
2018,2015-07-12,658.0
2019,2015-07-13,682.0
2020,2015-07-14,617.0
2021,2015-07-15,630.0
2022,2015-07-16,612.0
2023,2015-07-17,649.0
2024,2015-07-18,613.0
2025,2015-07-19,613.0
2026,2015-07-20,628.0
2027,2015-07-21,634.0
2028,2015-07-22,631.0
2029,2015-07-23,640.0
2030,2015-07-24,666.0
2031,2015-07-25,630.0
2032,2015-07-26,630.0
2033,2015-07-27,678.0
2034,2015-07-28,631.0
2035,2015-07-29,638.0
2036,2015-07-30,638.0
2037,2015-07-31,642.0
2038,2015-08-01,581.0
2039,2015-08-02,577.0
2040,2015-08-03,595.0
2041,2015-08-04,595.0
2042,2015-08-05,590.0
2043,2015-08-06,568.0
2044,2015-08-07,597.0
2045,2015-08-08,593.0
2046,2015-08-09,587.0
2047,2015-08-10,587.0
2048,2015-08-11,586.0
2049,2015-08-12,586.0
2050,2015-08-13,588.0
2051,2015-08-14,585.0
2052,2015-08-15,552.0
2053,2015-08-16,552.0
2054,2015-08-17,574.0
2055,2015-08-18,586.0
2056,2015-08-19,573.0
2057,2015-08-20,573.0
2058,2015-08-21,637.0
2059,2015-08-22,628.0
2060,2015-08-23,628.0
2061,2015-08-24,671.0
2062,2015-08-25,605.0
2063,2015-08-26,598.0
2064,2015-08-27,645.0
2065,2015-08-28,670.0
2066,2015-08-29,670.0
2067,2015-08-30,675.0
2068,2015-08-31,706.0
2069,2015-09-01,723.0
2070,2015-09-02,743.0
2071,2015-09-03,719.0
2072,2015-09-04,745.0
2073,2015-09-05,730.0
2074,2015-09-06,730.0
2075,2015-09-07,832.0
2076,2015-09-08,833.0
2077,2015-09-09,837.0
2078,2015-09-10,846.0
2079,2015-09-11,885.0
2080,2015-09-12,812.0
2081,2015-09-13,812.0
2082,2015-09-14,889.0
2083,2015-09-15,877.0
2084,2015-09-16,874.0
2085,2015-09-17,858.0
2086,2015-09-18,935.0
2087,2015-09-19,908.0
2088,2015-09-20,908.0
2089,2015-09-21,961.0
2090,2015-09-22,952.0
2091,2015-09-23,890.0
2092,2015-09-24,883.0
2093,2015-09-25,1023.0
2094,2015-09-26,1024.0
2095,2015-09-27,959.0
2096,2015-09-28,977.0
2097,2015-09-29,954.0
2098,2015-09-30,955.0
2099,2015-10-01,925.0
2100,2015-10-02,968.0
2101,2015-10-03,937.0
2102,2015-10-04,937.0
2103,2015-10-05,994.0
2104,2015-10-06,927.0
2105,2015-10-07,878.0
2106,2015-10-08,931.0
2107,2015-10-09,1002.0
2108,2015-10-10,997.0
2109,2015-10-11,997.0
2110,2015-10-12,1041.0
2111,2015-10-13,950.0
2112,2015-10-14,911.0
2113,2015-10-15,900.0
2114,2015-10-16,968.0
2115,2015-10-17,948.0
2116,2015-10-18,948.0
2117,2015-10-19,974.0
2118,2015-10-20,940.0
2119,2015-10-21,894.0
2120,2015-10-22,876.0
2121,2015-10-23,892.0
2122,2015-10-24,859.0
2123,2015-10-25,848.0
2124,2015-10-26,901.0
2125,2015-10-27,853.0
2126,2015-10-28,880.0
2127,2015-10-29,870.0
2128,2015-10-30,892.0
2129,2015-10-31,822.0
2130,2015-11-01,811.0
2131,2015-11-02,893.0
2132,2015-11-03,895.0
2133,2015-11-04,932.0
2134,2015-11-05,893.0
2135,2015-11-06,864.0
2136,2015-11-07,799.0
2137,2015-11-08,799.0
2138,2015-11-09,864.0
2139,2015-11-10,849.0
2140,2015-11-11,867.0
2141,2015-11-12,889.0
2142,2015-11-13,917.0
2143,2015-11-14,820.0
2144,2015-11-15,820.0
2145,2015-11-16,838.0
2146,2015-11-17,758.0
2147,2015-11-18,768.0
2148,2015-11-19,806.0
2149,2015-11-20,809.0
2150,2015-11-21,739.0
2151,2015-11-22,739.0
2152,2015-11-23,780.0
2153,2015-11-24,765.0
2154,2015-11-25,765.0
2155,2015-11-26,749.0
2156,2015-11-27,702.0
2157,2015-11-28,653.0
2158,2015-11-29,653.0
2159,2015-11-30,687.0
2160,2015-12-01,645.0
2161,2015-12-02,613.0
2162,2015-12-03,601.0
2163,2015-12-04,597.0
2164,2015-12-05,574.0
2165,2015-12-06,574.0
2166,2015-12-07,611.0
2167,2015-12-08,611.0
2168,2015-12-09,656.0
2169,2015-12-10,654.0
2170,2015-12-11,654.0
2171,2015-12-12,610.0
2172,2015-12-13,610.0
2173,2015-12-14,664.0
2174,2015-12-15,598.0
2175,2015-12-16,549.0
2176,2015-12-17,533.0
2177,2015-12-18,528.0
2178,2015-12-19,473.0
2179,2015-12-20,473.0
2180,2015-12-21,484.0
2181,2015-12-22,433.0
2182,2015-12-23,414.0
2183,2015-12-24,452.0
2184,2015-12-25,413.0
2185,2015-12-26,413.0
2186,2015-12-27,413.0
2187,2015-12-28,413.0
2188,2015-12-29,413.0
2189,2015-12-30,413.0
2190,2015-12-31,413.0
2191,2016-01-01,391.0
2192,2016-01-02,410.0
2193,2016-01-03,436.0
2194,2016-01-04,530.0
2195,2016-01-05,528.0
2196,2016-01-06,535.0
2197,2016-01-07,555.0
2198,2016-01-08,556.0
2199,2016-01-09,537.0
2200,2016-01-10,537.0
2201,2016-01-11,549.0
2202,2016-01-12,549.0
2203,2016-01-13,549.0
2204,2016-01-14,546.0
2205,2016-01-15,638.0
2206,2016-01-16,631.0
2207,2016-01-17,631.0
2208,2016-01-18,672.0
2209,2016-01-19,645.0
2210,2016-01-20,616.0
2211,2016-01-21,614.0
2212,2016-01-22,617.0
2213,2016-01-23,611.0
2214,2016-01-24,611.0
2215,2016-01-25,635.0
2216,2016-01-26,623.0
2217,2016-01-27,635.0
2218,2016-01-28,640.0
2219,2016-01-29,617.0
2220,2016-01-30,586.0
2221,2016-01-31,586.0
2222,2016-02-01,606.0
2223,2016-02-02,607.0
2224,2016-02-03,603.0
2225,2016-02-04,602.0
2226,2016-02-05,639.0
2227,2016-02-06,628.0
2228,2016-02-07,628.0
2229,2016-02-08,628.0
2230,2016-02-09,625.0
2231,2016-02-10,627.0
2232,2016-02-11,627.0
2233,2016-02-12,632.0
2234,2016-02-13,630.0
2235,2016-02-14,630.0
2236,2016-02-15,655.0
2237,2016-02-16,595.0
2238,2016-02-17,595.0
2239,2016-02-18,585.0
2240,2016-02-19,587.0
2241,2016-02-20,587.0
2242,2016-02-21,587.0
2243,2016-02-22,639.0
2244,2016-02-23,649.0
2245,2016-02-24,649.0
2246,2016-02-25,684.0
2247,2016-02-26,704.0
2248,2016-02-27,682.0
2249,2016-02-28,712.0
2250,2016-02-29,698.0
2251,2016-03-01,708.0
2252,2016-03-02,753.0
2253,2016-03-03,767.0
2254,2016-03-04,788.0
2255,2016-03-05,769.0
2256,2016-03-06,769.0
2257,2016-03-07,795.0
2258,2016-03-08,773.0
2259,2016-03-09,757.0
2260,2016-03-10,741.0
2261,2016-03-11,728.0
2262,2016-03-12,697.0
2263,2016-03-13,695.0
2264,2016-03-14,714.0
2265,2016-03-15,710.0
2266,2016-03-16,707.0
2267,2016-03-17,745.0
2268,2016-03-18,751.0
2269,2016-03-19,685.0
2270,2016-03-20,685.0
2271,2016-03-21,712.0
2272,2016-03-22,727.0
2273,2016-03-23,735.0
2274,2016-03-24,772.0
2275,2016-03-25,650.0
2276,2016-03-26,639.0
2277,2016-03-27,639.0
2278,2016-03-28,639.0
2279,2016-03-29,639.0
2280,2016-03-30,642.0
2281,2016-03-31,624.0
2282,2016-04-01,654.0
2283,2016-04-02,608.0
2284,2016-04-03,608.0
2285,2016-04-04,639.0
2286,2016-04-05,637.0
2287,2016-04-06,638.0
2288,2016-04-07,699.0
2289,2016-04-08,770.0
2290,2016-04-09,757.0
2291,2016-04-10,760.0
2292,2016-04-11,881.0
2293,2016-04-12,777.0
2294,2016-04-13,786.0
2295,2016-04-14,766.0
2296,2016-04-15,818.0
2297,2016-04-16,800.0
2298,2016-04-17,800.0
2299,2016-04-18,810.0
2300,2016-04-19,760.0
2301,2016-04-20,770.0
2302,2016-04-21,825.0
2303,2016-04-22,836.0
2304,2016-04-23,757.0
2305,2016-04-24,757.0
2306,2016-04-25,789.0
2307,2016-04-26,718.0
2308,2016-04-27,712.0
2309,2016-04-28,741.0
2310,2016-04-29,782.0
2311,2016-04-30,756.0
2312,2016-05-01,756.0
2313,2016-05-02,764.0
2314,2016-05-03,756.0
2315,2016-05-04,794.0
2316,2016-05-05,763.0
2317,2016-05-06,763.0
2318,2016-05-07,757.0
2319,2016-05-08,757.0
2320,2016-05-09,781.0
2321,2016-05-10,754.0
2322,2016-05-11,750.0
2323,2016-05-12,803.0
2324,2016-05-13,874.0
2325,2016-05-14,844.0
2326,2016-05-15,844.0
2327,2016-05-16,844.0
2328,2016-05-17,826.0
2329,2016-05-18,800.0
2330,2016-05-19,811.0
2331,2016-05-20,840.0
2332,2016-05-21,825.0
2333,2016-05-22,825.0
2334,2016-05-23,836.0
2335,2016-05-24,762.0
2336,2016-05-25,718.0
2337,2016-05-26,700.0
2338,2016-05-27,702.0
2339,2016-05-28,704.0
2340,2016-05-29,704.0
2341,2016-05-30,708.0
2342,2016-05-31,732.0
2343,2016-06-01,738.0
2344,2016-06-02,726.0
2345,2016-06-03,719.0
2346,2016-06-04,683.0
2347,2016-06-05,683.0
2348,2016-06-06,687.0
2349,2016-06-07,678.0
2350,2016-06-08,817.0
2351,2016-06-09,813.0
2352,2016-06-10,830.0
2353,2016-06-11,819.0
2354,2016-06-12,788.0
2355,2016-06-13,783.0
2356,2016-06-14,766.0
2357,2016-06-15,806.0
2358,2016-06-16,767.0
2359,2016-06-17,819.0
2360,2016-06-18,792.0
2361,2016-06-19,792.0
2362,2016-06-20,793.0
2363,2016-06-21,764.0
2364,2016-06-22,759.0
2365,2016-06-23,756.0
2366,2016-06-24,778.0
2367,2016-06-25,690.0
2368,2016-06-26,690.0
2369,2016-06-27,734.0
2370,2016-06-28,728.0
2371,2016-06-29,734.0
2372,2016-06-30,747.0
2373,2016-07-01,774.0
2374,2016-07-02,712.0
2375,2016-07-03,712.0
2376,2016-07-04,727.0
2377,2016-07-05,719.0
2378,2016-07-06,698.0
2379,2016-07-07,689.0
2380,2016-07-08,734.0
2381,2016-07-09,744.0
2382,2016-07-10,744.0
2383,2016-07-11,753.0
2384,2016-07-12,731.0
2385,2016-07-13,734.0
2386,2016-07-14,763.0
2387,2016-07-15,735.0
2388,2016-07-16,735.0
2389,2016-07-17,735.0
2390,2016-07-18,782.0
2391,2016-07-19,786.0
2392,2016-07-20,797.0
2393,2016-07-21,753.0
2394,2016-07-22,773.0
2395,2016-07-23,754.0
2396,2016-07-24,754.0
2397,2016-07-25,774.0
2398,2016-07-26,729.0
2399,2016-07-27,714.0
2400,2016-07-28,704.0
2401,2016-07-29,734.0
2402,2016-07-30,721.0
2403,2016-07-31,721.0
2404,2016-08-01,733.0
2405,2016-08-02,713.0
2406,2016-08-03,675.0
2407,2016-08-04,668.0
2408,2016-08-05,686.0
2409,2016-08-06,670.0
2410,2016-08-07,670.0
2411,2016-08-08,674.0
2412,2016-08-09,659.0
2413,2016-08-10,659.0
2414,2016-08-11,666.0
2415,2016-08-12,711.0
2416,2016-08-13,711.0
2417,2016-08-14,711.0
2418,2016-08-15,714.0
2419,2016-08-16,732.0
2420,2016-08-17,692.0
2421,2016-08-18,687.0
2422,2016-08-19,682.0
2423,2016-08-20,670.0
2424,2016-08-21,651.0
2425,2016-08-22,695.0
2426,2016-08-23,605.0
2427,2016-08-24,619.0
2428,2016-08-25,692.0
2429,2016-08-26,682.0
2430,2016-08-27,660.0
2431,2016-08-28,660.0
2432,2016-08-29,744.0
2433,2016-08-30,734.0
2434,2016-08-31,694.0
2435,2016-09-01,691.0
2436,2016-09-02,746.0
2437,2016-09-03,727.0
2438,2016-09-04,727.0
2439,2016-09-05,738.0
2440,2016-09-06,741.0
2441,2016-09-07,764.0
2442,2016-09-08,726.0
2443,2016-09-09,747.0
2444,2016-09-10,710.0
2445,2016-09-11,710.0
2446,2016-09-12,788.0
2447,2016-09-13,791.0
2448,2016-09-14,761.0
2449,2016-09-15,743.0
2450,2016-09-16,800.0
2451,2016-09-17,793.0
2452,2016-09-18,798.0
2453,2016-09-19,806.0
2454,2016-09-20,739.0
2455,2016-09-21,727.0
2456,2016-09-22,741.0
2457,2016-09-23,779.0
2458,2016-09-24,782.0
2459,2016-09-25,782.0
2460,2016-09-26,791.0
2461,2016-09-27,725.0
2462,2016-09-28,727.0
2463,2016-09-29,720.0
2464,2016-09-30,779.0
2465,2016-10-01,785.0
2466,2016-10-02,776.0
2467,2016-10-03,790.0
2468,2016-10-04,803.0
2469,2016-10-05,803.0
2470,2016-10-06,827.0
2471,2016-10-07,853.0
2472,2016-10-08,811.0
2473,2016-10-09,811.0
2474,2016-10-10,814.0
2475,2016-10-11,794.0
2476,2016-10-12,803.0
2477,2016-10-13,799.0
2478,2016-10-14,811.0
2479,2016-10-15,809.0
2480,2016-10-16,809.0
2481,2016-10-17,844.0
2482,2016-10-18,807.0
2483,2016-10-19,811.0
2484,2016-10-20,822.0
2485,2016-10-21,823.0
2486,2016-10-22,763.0
2487,2016-10-23,763.0
2488,2016-10-24,793.0
2489,2016-10-25,775.0
2490,2016-10-26,772.0
2491,2016-10-27,788.0
2492,2016-10-28,870.0
2493,2016-10-29,780.0
2494,2016-10-30,780.0
2495,2016-10-31,824.0
2496,2016-11-01,819.0
2497,2016-11-02,799.0
2498,2016-11-03,781.0
2499,2016-11-04,741.0
2500,2016-11-05,715.0
2501,2016-11-06,715.0
2502,2016-11-07,804.0
2503,2016-11-08,816.0
2504,2016-11-09,761.0
2505,2016-11-10,752.0
2506,2016-11-11,766.0
2507,2016-11-12,763.0
2508,2016-11-13,763.0
2509,2016-11-14,769.0
2510,2016-11-15,779.0
2511,2016-11-16,792.0
2512,2016-11-17,809.0
2513,2016-11-18,832.0
2514,2016-11-19,821.0
2515,2016-11-20,820.0
2516,2016-11-21,845.0
2517,2016-11-22,791.0
2518,2016-11-23,747.0
2519,2016-11-24,765.0
2520,2016-11-25,745.0
2521,2016-11-26,704.0
2522,2016-11-27,704.0
2523,2016-11-28,763.0
2524,2016-11-29,749.0
2525,2016-11-30,756.0
2526,2016-12-01,754.0
2527,2016-12-02,751.0
2528,2016-12-03,687.0
2529,2016-12-04,687.0
2530,2016-12-05,687.0
2531,2016-12-06,733.0
2532,2016-12-07,733.0
2533,2016-12-08,741.0
2534,2016-12-09,779.0
2535,2016-12-10,734.0
2536,2016-12-11,795.0
2537,2016-12-12,739.0
2538,2016-12-13,701.0
2539,2016-12-14,708.0
2540,2016-12-15,691.0
2541,2016-12-16,697.0
2542,2016-12-17,656.0
2543,2016-12-18,652.0
2544,2016-12-19,674.0
2545,2016-12-20,669.0
2546,2016-12-21,671.0
2547,2016-12-22,667.0
2548,2016-12-23,608.0
2549,2016-12-24,515.0
2550,2016-12-25,515.0
2551,2016-12-26,515.0
2552,2016-12-27,515.0
2553,2016-12-28,515.0
2554,2016-12-29,515.0
2555,2016-12-30,515.0
2556,2016-12-31,515.0
2557,2017-01-01,519.0
2558,2017-01-02,519.0
2559,2017-01-03,509.0
2560,2017-01-04,513.0
2561,2017-01-05,522.0
2562,2017-01-06,528.0
2563,2017-01-07,528.0
2564,2017-01-08,528.0
2565,2017-01-09,561.0
2566,2017-01-10,563.0
2567,2017-01-11,552.0
2568,2017-01-12,568.0
2569,2017-01-13,561.0
2570,2017-01-14,545.0
2571,2017-01-15,545.0
2572,2017-01-16,545.0
2573,2017-01-17,545.0
2574,2017-01-18,550.0
2575,2017-01-19,574.0
2576,2017-01-20,581.0
2577,2017-01-21,570.0
2578,2017-01-22,579.0
2579,2017-01-23,596.0
2580,2017-01-24,576.0
2581,2017-01-25,607.0
2582,2017-01-26,589.0
2583,2017-01-27,607.0
2584,2017-01-28,607.0
2585,2017-01-29,607.0
2586,2017-01-30,626.0
2587,2017-01-31,623.0
2588,2017-02-01,627.0
2589,2017-02-02,648.0
2590,2017-02-03,654.0
2591,2017-02-04,622.0
2592,2017-02-05,622.0
2593,2017-02-06,663.0
2594,2017-02-07,662.0
2595,2017-02-08,662.0
2596,2017-02-09,657.0
2597,2017-02-10,645.0
2598,2017-02-11,639.0
2599,2017-02-12,639.0
2600,2017-02-13,658.0
2601,2017-02-14,633.0
2602,2017-02-15,617.0
2603,2017-02-16,634.0
2604,2017-02-17,636.0
2605,2017-02-18,630.0
2606,2017-02-19,630.0
2607,2017-02-20,687.0
2608,2017-02-21,627.0
2609,2017-02-22,624.0
2610,2017-02-23,630.0
2611,2017-02-24,641.0
2612,2017-02-25,619.0
2613,2017-02-26,597.0
2614,2017-02-27,597.0
2615,2017-02-28,599.0
2616,2017-03-01,603.0
2617,2017-03-02,607.0
2618,2017-03-03,647.0
2619,2017-03-04,632.0
2620,2017-03-05,632.0
2621,2017-03-06,677.0
2622,2017-03-07,654.0
2623,2017-03-08,643.0
2624,2017-03-09,660.0
2625,2017-03-10,647.0
2626,2017-03-11,641.0
2627,2017-03-12,641.0
2628,2017-03-13,670.0
2629,2017-03-14,724.0
2630,2017-03-15,720.0
2631,2017-03-16,728.0
2632,2017-03-17,782.0
2633,2017-03-18,754.0
2634,2017-03-19,754.0
2635,2017-03-20,779.0
2636,2017-03-21,774.0
2637,2017-03-22,752.0
2638,2017-03-23,748.0
2639,2017-03-24,808.0
2640,2017-03-25,778.0
2641,2017-03-26,778.0
2642,2017-03-27,820.0
2643,2017-03-28,767.0
2644,2017-03-29,767.0
2645,2017-03-30,781.0
2646,2017-03-31,622.0
2647,2017-04-01,607.0
2648,2017-04-02,607.0
2649,2017-04-03,613.0
2650,2017-04-04,647.0
2651,2017-04-05,649.0
2652,2017-04-06,654.0
2653,2017-04-07,702.0
2654,2017-04-08,634.0
2655,2017-04-09,634.0
2656,2017-04-10,681.0
2657,2017-04-11,595.0
2658,2017-04-12,595.0
2659,2017-04-13,630.0
2660,2017-04-14,630.0
2661,2017-04-15,612.0
2662,2017-04-16,593.0
2663,2017-04-17,622.0
2664,2017-04-18,667.0
2665,2017-04-19,672.0
2666,2017-04-20,730.0
2667,2017-04-21,782.0
2668,2017-04-22,759.0
2669,2017-04-23,759.0
2670,2017-04-24,772.0
2671,2017-04-25,753.0
2672,2017-04-26,750.0
2673,2017-04-27,725.0
2674,2017-04-28,745.0
2675,2017-04-29,572.0
2676,2017-04-30,567.0
2677,2017-05-01,583.0
2678,2017-05-02,584.0
2679,2017-05-03,684.0
2680,2017-05-04,695.0
2681,2017-05-05,704.0
2682,2017-05-06,695.0
2683,2017-05-07,702.0
2684,2017-05-08,704.0
2685,2017-05-09,694.0
2686,2017-05-10,681.0
2687,2017-05-11,681.0
2688,2017-05-12,700.0
2689,2017-05-13,700.0
2690,2017-05-14,700.0
2691,2017-05-15,743.0
2692,2017-05-16,766.0
2693,2017-05-17,728.0
2694,2017-05-18,709.0
2695,2017-05-19,713.0
2696,2017-05-20,673.0
2697,2017-05-21,648.0
2698,2017-05-22,662.0
2699,2017-05-23,685.0
2700,2017-05-24,697.0
2701,2017-05-25,663.0
2702,2017-05-26,756.0
2703,2017-05-27,723.0
2704,2017-05-28,723.0
2705,2017-05-29,760.0
2706,2017-05-30,747.0
2707,2017-05-31,732.0
2708,2017-06-01,754.0
2709,2017-06-02,719.0
2710,2017-06-03,659.0
2711,2017-06-04,659.0
2712,2017-06-05,659.0
2713,2017-06-06,661.0
2714,2017-06-07,653.0
2715,2017-06-08,684.0
2716,2017-06-09,739.0
2717,2017-06-10,724.0
2718,2017-06-11,724.0
2719,2017-06-12,742.0
2720,2017-06-13,734.0
2721,2017-06-14,711.0
2722,2017-06-15,741.0
2723,2017-06-16,780.0
2724,2017-06-17,762.0
2725,2017-06-18,759.0
2726,2017-06-19,770.0
2727,2017-06-20,713.0
2728,2017-06-21,717.0
2729,2017-06-22,652.0
2730,2017-06-23,773.0
2731,2017-06-24,670.0
2732,2017-06-25,668.0
2733,2017-06-26,713.0
2734,2017-06-27,716.0
2735,2017-06-28,825.0
2736,2017-06-29,848.0
2737,2017-06-30,867.0
2738,2017-07-01,744.0
2739,2017-07-02,735.0
2740,2017-07-03,742.0
2741,2017-07-04,760.0
2742,2017-07-05,745.0
2743,2017-07-06,748.0
2744,2017-07-07,775.0
2745,2017-07-08,722.0
2746,2017-07-09,712.0
2747,2017-07-10,717.0
2748,2017-07-11,712.0
2749,2017-07-12,704.0
2750,2017-07-13,723.0
2751,2017-07-14,722.0
2752,2017-07-15,711.0
2753,2017-07-16,711.0
2754,2017-07-17,730.0
2755,2017-07-18,727.0
2756,2017-07-19,699.0
2757,2017-07-20,698.0
2758,2017-07-21,762.0
2759,2017-07-22,728.0
2760,2017-07-23,728.0
2761,2017-07-24,741.0
2762,2017-07-25,713.0
2763,2017-07-26,688.0
2764,2017-07-27,684.0
2765,2017-07-28,708.0
2766,2017-07-29,677.0
2767,2017-07-30,681.0
2768,2017-07-31,681.0
2769,2017-08-01,676.0
2770,2017-08-02,676.0
2771,2017-08-03,679.0
2772,2017-08-04,729.0
2773,2017-08-05,729.0
2774,2017-08-06,729.0
2775,2017-08-07,729.0
2776,2017-08-08,703.0
2777,2017-08-09,674.0
2778,2017-08-10,651.0
2779,2017-08-11,651.0
2780,2017-08-12,615.0
2781,2017-08-13,615.0
2782,2017-08-14,662.0
2783,2017-08-15,666.0
2784,2017-08-16,689.0
2785,2017-08-17,701.0
2786,2017-08-18,738.0
2787,2017-08-19,656.0
2788,2017-08-20,656.0
2789,2017-08-21,662.0
2790,2017-08-22,677.0
2791,2017-08-23,671.0
2792,2017-08-24,656.0
2793,2017-08-25,645.0
2794,2017-08-26,591.0
2795,2017-08-27,591.0
2796,2017-08-28,598.0
2797,2017-08-29,615.0
2798,2017-08-30,643.0
2799,2017-08-31,645.0
2800,2017-09-01,686.0
2801,2017-09-02,645.0
2802,2017-09-03,645.0
2803,2017-09-04,679.0
2804,2017-09-05,668.0
2805,2017-09-06,654.0
2806,2017-09-07,654.0
2807,2017-09-08,672.0
2808,2017-09-09,639.0
2809,2017-09-10,639.0
2810,2017-09-11,653.0
2811,2017-09-12,653.0
2812,2017-09-13,653.0
2813,2017-09-14,661.0
2814,2017-09-15,691.0
2815,2017-09-16,673.0
2816,2017-09-17,678.0
2817,2017-09-18,720.0
2818,2017-09-19,661.0
2819,2017-09-20,658.0
2820,2017-09-21,651.0
2821,2017-09-22,656.0
2822,2017-09-23,648.0
2823,2017-09-24,648.0
2824,2017-09-25,675.0
2825,2017-09-26,687.0
2826,2017-09-27,701.0
2827,2017-09-28,732.0
2828,2017-09-29,783.0
2829,2017-09-30,724.0
2830,2017-10-01,713.0
2831,2017-10-02,719.0
2832,2017-10-03,686.0
2833,2017-10-04,679.0
2834,2017-10-05,688.0
2835,2017-10-06,738.0
2836,2017-10-07,720.0
2837,2017-10-08,708.0
2838,2017-10-09,729.0
2839,2017-10-10,735.0
2840,2017-10-11,710.0
2841,2017-10-12,762.0
2842,2017-10-13,780.0
2843,2017-10-14,758.0
2844,2017-10-15,758.0
2845,2017-10-16,787.0
2846,2017-10-17,740.0
2847,2017-10-18,758.0
2848,2017-10-19,767.0
2849,2017-10-20,798.0
2850,2017-10-21,679.0
2851,2017-10-22,670.0
2852,2017-10-23,668.0
2853,2017-10-24,612.0
2854,2017-10-25,608.0
2855,2017-10-26,602.0
2856,2017-10-27,697.0
2857,2017-10-28,693.0
2858,2017-10-29,693.0
2859,2017-10-30,708.0
2860,2017-10-31,680.0
2861,2017-11-01,677.0
2862,2017-11-02,679.0
2863,2017-11-03,757.0
2864,2017-11-04,708.0
2865,2017-11-05,708.0
2866,2017-11-06,716.0
2867,2017-11-07,717.0
2868,2017-11-08,680.0
2869,2017-11-09,659.0
2870,2017-11-10,666.0
2871,2017-11-11,648.0
2872,2017-11-12,648.0
2873,2017-11-13,671.0
2874,2017-11-14,720.0
2875,2017-11-15,733.0
2876,2017-11-16,717.0
2877,2017-11-17,709.0
2878,2017-11-18,640.0
2879,2017-11-19,636.0
2880,2017-11-20,659.0
2881,2017-11-21,706.0
2882,2017-11-22,672.0
2883,2017-11-23,659.0
2884,2017-11-24,685.0
2885,2017-11-25,665.0
2886,2017-11-26,665.0
2887,2017-11-27,751.0
2888,2017-11-28,692.0
2889,2017-11-29,698.0
2890,2017-11-30,722.0
2891,2017-12-01,709.0
2892,2017-12-02,662.0
2893,2017-12-03,662.0
2894,2017-12-04,668.0
2895,2017-12-05,676.0
2896,2017-12-06,632.0
2897,2017-12-07,632.0
2898,2017-12-08,645.0
2899,2017-12-09,692.0
2900,2017-12-10,755.0
2901,2017-12-11,718.0
2902,2017-12-12,681.0
2903,2017-12-13,680.0
2904,2017-12-14,721.0
2905,2017-12-15,769.0
2906,2017-12-16,649.0
2907,2017-12-17,649.0
2908,2017-12-18,649.0
2909,2017-12-19,724.0
2910,2017-12-20,697.0
2911,2017-12-21,668.0
2912,2017-12-22,633.0
2913,2017-12-23,448.0
2914,2017-12-24,448.0
2915,2017-12-25,448.0
2916,2017-12-26,448.0
2917,2017-12-27,448.0
2918,2017-12-28,459.0
2919,2017-12-29,459.0
2920,2017-12-30,421.0
2921,2017-12-31,421.0
2922,2018-01-01,430.0
2923,2018-01-02,422.0
2924,2018-01-03,422.0
2925,2018-01-04,422.0
2926,2018-01-05,454.0
2927,2018-01-06,453.0
2928,2018-01-07,453.0
2929,2018-01-08,465.0
2930,2018-01-09,465.0
2931,2018-01-10,468.0
2932,2018-01-11,511.0
2933,2018-01-12,545.0
2934,2018-01-13,516.0
2935,2018-01-14,516.0
2936,2018-01-15,516.0
2937,2018-01-16,516.0
2938,2018-01-17,537.0
2939,2018-01-18,537.0
2940,2018-01-19,531.0
2941,2018-01-20,470.0
2942,2018-01-21,470.0
2943,2018-01-22,487.0
2944,2018-01-23,482.0
2945,2018-01-24,483.0
2946,2018-01-25,483.0
2947,2018-01-26,495.0
2948,2018-01-27,487.0
2949,2018-01-28,480.0
2950,2018-01-29,495.0
2951,2018-01-30,495.0
2952,2018-01-31,495.0
2953,2018-02-01,497.0
2954,2018-02-02,508.0
2955,2018-02-03,500.0
2956,2018-02-04,504.0
2957,2018-02-05,520.0
2958,2018-02-06,547.0
2959,2018-02-07,541.0
2960,2018-02-08,541.0
2961,2018-02-09,518.0
2962,2018-02-10,512.0
2963,2018-02-11,512.0
2964,2018-02-12,533.0
2965,2018-02-13,547.0
2966,2018-02-14,547.0
2967,2018-02-15,581.0
2968,2018-02-16,582.0
2969,2018-02-17,565.0
2970,2018-02-18,565.0
2971,2018-02-19,554.0
2972,2018-02-20,525.0
2973,2018-02-21,529.0
2974,2018-02-22,524.0
2975,2018-02-23,520.0
2976,2018-02-24,514.0
2977,2018-02-25,520.0
2978,2018-02-26,534.0
2979,2018-02-27,526.0
2980,2018-02-28,526.0
2981,2018-03-01,520.0
2982,2018-03-02,520.0
2983,2018-03-03,520.0
2984,2018-03-04,520.0
2985,2018-03-05,537.0
2986,2018-03-06,518.0
2987,2018-03-07,514.0
2988,2018-03-08,514.0
2989,2018-03-09,524.0
2990,2018-03-10,524.0
2991,2018-03-11,524.0
2992,2018-03-12,527.0
2993,2018-03-13,523.0
2994,2018-03-14,513.0
2995,2018-03-15,544.0
2996,2018-03-16,570.0
2997,2018-03-17,541.0
2998,2018-03-18,544.0
2999,2018-03-19,537.0
3000,2018-03-20,538.0
3001,2018-03-21,563.0
3002,2018-03-22,629.0
3003,2018-03-23,613.0
3004,2018-03-24,551.0
3005,2018-03-25,551.0
3006,2018-03-26,560.0
3007,2018-03-27,553.0
3008,2018-03-28,564.0
3009,2018-03-29,581.0
3010,2018-03-30,579.0
3011,2018-03-31,555.0
3012,2018-04-01,530.0
3013,2018-04-02,527.0
3014,2018-04-03,527.0
3015,2018-04-04,542.0
3016,2018-04-05,550.0
3017,2018-04-06,550.0
3018,2018-04-07,538.0
3019,2018-04-08,538.0
3020,2018-04-09,534.0
3021,2018-04-10,547.0
3022,2018-04-11,540.0
3023,2018-04-12,540.0
3024,2018-04-13,529.0
3025,2018-04-14,530.0
3026,2018-04-15,549.0
3027,2018-04-16,600.0
3028,2018-04-17,606.0
3029,2018-04-18,655.0
3030,2018-04-19,640.0
3031,2018-04-20,631.0
3032,2018-04-21,555.0
3033,2018-04-22,555.0
3034,2018-04-23,557.0
3035,2018-04-24,555.0
3036,2018-04-25,557.0
3037,2018-04-26,565.0
3038,2018-04-27,569.0
3039,2018-04-28,569.0
3040,2018-04-29,569.0
3041,2018-04-30,606.0
3042,2018-05-01,593.0
3043,2018-05-02,589.0
3044,2018-05-03,595.0
3045,2018-05-04,612.0
3046,2018-05-05,593.0
3047,2018-05-06,593.0
3048,2018-05-07,609.0
3049,2018-05-08,624.0
3050,2018-05-09,619.0
3051,2018-05-10,593.0
3052,2018-05-11,607.0
3053,2018-05-12,607.0
3054,2018-05-13,607.0
3055,2018-05-14,659.0
3056,2018-05-15,620.0
3057,2018-05-16,656.0
3058,2018-05-17,695.0
3059,2018-05-18,681.0
3060,2018-05-19,675.0
3061,2018-05-20,675.0
3062,2018-05-21,675.0
3063,2018-05-22,684.0
3064,2018-05-23,634.0
3065,2018-05-24,661.0
3066,2018-05-25,710.0
3067,2018-05-26,666.0
3068,2018-05-27,666.0
3069,2018-05-28,680.0
3070,2018-05-29,651.0
3071,2018-05-30,642.0
3072,2018-05-31,620.0
3073,2018-06-01,629.0
3074,2018-06-02,594.0
3075,2018-06-03,594.0
3076,2018-06-04,600.0
3077,2018-06-05,594.0
3078,2018-06-06,627.0
3079,2018-06-07,579.0
3080,2018-06-08,658.0
3081,2018-06-09,649.0
3082,2018-06-10,642.0
3083,2018-06-11,670.0
3084,2018-06-12,663.0
3085,2018-06-13,690.0
3086,2018-06-14,693.0
3087,2018-06-15,731.0
3088,2018-06-16,720.0
3089,2018-06-17,692.0
3090,2018-06-18,747.0
3091,2018-06-19,752.0
3092,2018-06-20,773.0
3093,2018-06-21,786.0
3094,2018-06-22,836.0
3095,2018-06-23,740.0
3096,2018-06-24,740.0
3097,2018-06-25,808.0
3098,2018-06-26,787.0
3099,2018-06-27,814.0
3100,2018-06-28,715.0
3101,2018-06-29,714.0
3102,2018-06-30,719.0
3103,2018-07-01,711.0
3104,2018-07-02,734.0
3105,2018-07-03,760.0
3106,2018-07-04,760.0
3107,2018-07-05,752.0
3108,2018-07-06,730.0
3109,2018-07-07,723.0
3110,2018-07-08,714.0
3111,2018-07-09,734.0
3112,2018-07-10,734.0
3113,2018-07-11,732.0
3114,2018-07-12,732.0
3115,2018-07-13,871.0
3116,2018-07-14,797.0
3117,2018-07-15,787.0
3118,2018-07-16,899.0
3119,2018-07-17,906.0
3120,2018-07-18,890.0
3121,2018-07-19,893.0
3122,2018-07-20,886.0
3123,2018-07-21,824.0
3124,2018-07-22,824.0
3125,2018-07-23,846.0
3126,2018-07-24,818.0
3127,2018-07-25,765.0
3128,2018-07-26,794.0
3129,2018-07-27,822.0
3130,2018-07-28,787.0
3131,2018-07-29,797.0
3132,2018-07-30,843.0
3133,2018-07-31,834.0
3134,2018-08-01,836.0
3135,2018-08-02,850.0
3136,2018-08-03,915.0
3137,2018-08-04,906.0
3138,2018-08-05,907.0
3139,2018-08-06,887.0
3140,2018-08-07,837.0
3141,2018-08-08,798.0
3142,2018-08-09,852.0
3143,2018-08-10,852.0
3144,2018-08-11,745.0
3145,2018-08-12,745.0
3146,2018-08-13,747.0
3147,2018-08-14,745.0
3148,2018-08-15,745.0
3149,2018-08-16,739.0
3150,2018-08-17,755.0
3151,2018-08-18,792.0
3152,2018-08-19,772.0
3153,2018-08-20,813.0
3154,2018-08-21,765.0
3155,2018-08-22,765.0
3156,2018-08-23,820.0
3157,2018-08-24,806.0
3158,2018-08-25,776.0
3159,2018-08-26,776.0
3160,2018-08-27,824.0
3161,2018-08-28,791.0
3162,2018-08-29,800.0
3163,2018-08-30,791.0
3164,2018-08-31,772.0
3165,2018-09-01,722.0
3166,2018-09-02,722.0
3167,2018-09-03,737.0
3168,2018-09-04,738.0
3169,2018-09-05,711.0
3170,2018-09-06,715.0
3171,2018-09-07,715.0
3172,2018-09-08,711.0
3173,2018-09-09,711.0
3174,2018-09-10,721.0
3175,2018-09-11,719.0
3176,2018-09-12,731.0
3177,2018-09-13,717.0
3178,2018-09-14,805.0
3179,2018-09-15,761.0
3180,2018-09-16,761.0
3181,2018-09-17,798.0
3182,2018-09-18,771.0
3183,2018-09-19,819.0
3184,2018-09-20,796.0
3185,2018-09-21,769.0
3186,2018-09-22,736.0
3187,2018-09-23,736.0
3188,2018-09-24,771.0
3189,2018-09-25,746.0
3190,2018-09-26,747.0
3191,2018-09-27,774.0
3192,2018-09-28,748.0
3193,2018-09-29,726.0
3194,2018-09-30,726.0
3195,2018-10-01,762.0
3196,2018-10-02,762.0
3197,2018-10-03,769.0
3198,2018-10-04,769.0
3199,2018-10-05,741.0
3200,2018-10-06,710.0
3201,2018-10-07,710.0
3202,2018-10-08,776.0
3203,2018-10-09,768.0
3204,2018-10-10,766.0
3205,2018-10-11,758.0
3206,2018-10-12,763.0
3207,2018-10-13,755.0
3208,2018-10-14,760.0
3209,2018-10-15,782.0
3210,2018-10-16,737.0
3211,2018-10-17,759.0
3212,2018-10-18,741.0
3213,2018-10-19,811.0
3214,2018-10-20,803.0
3215,2018-10-21,767.0
3216,2018-10-22,791.0
3217,2018-10-23,776.0
3218,2018-10-24,790.0
3219,2018-10-25,779.0
3220,2018-10-26,777.0
3221,2018-10-27,726.0
3222,2018-10-28,726.0
3223,2018-10-29,736.0
3224,2018-10-30,797.0
3225,2018-10-31,785.0
3226,2018-11-01,805.0
3227,2018-11-02,827.0
3228,2018-11-03,760.0
3229,2018-11-04,730.0
3230,2018-11-05,739.0
3231,2018-11-06,776.0
3232,2018-11-07,781.0
3233,2018-11-08,744.0
3234,2018-11-09,745.0
3235,2018-11-10,680.0
3236,2018-11-11,680.0
3237,2018-11-12,715.0
3238,2018-11-13,762.0
3239,2018-11-14,703.0
3240,2018-11-15,657.0
3241,2018-11-16,679.0
3242,2018-11-17,679.0
3243,2018-11-18,679.0
3244,2018-11-19,789.0
3245,2018-11-20,776.0
3246,2018-11-21,734.0
3247,2018-11-22,742.0
3248,2018-11-23,782.0
3249,2018-11-24,768.0
3250,2018-11-25,769.0
3251,2018-11-26,784.0
3252,2018-11-27,771.0
3253,2018-11-28,844.0
3254,2018-11-29,838.0
3255,2018-11-30,722.0
3256,2018-12-01,714.0
3257,2018-12-02,714.0
3258,2018-12-03,714.0
3259,2018-12-04,663.0
3260,2018-12-05,672.0
3261,2018-12-06,656.0
3262,2018-12-07,649.0
3263,2018-12-08,625.0
3264,2018-12-09,760.0
3265,2018-12-10,582.0
3266,2018-12-11,608.0
3267,2018-12-12,598.0
3268,2018-12-13,598.0
3269,2018-12-14,582.0
3270,2018-12-15,551.0
3271,2018-12-16,551.0
3272,2018-12-17,565.0
3273,2018-12-18,569.0
3274,2018-12-19,595.0
3275,2018-12-20,586.0
3276,2018-12-21,542.0
3277,2018-12-22,499.0
3278,2018-12-23,499.0
3279,2018-12-24,499.0
3280,2018-12-25,493.0
3281,2018-12-26,493.0
3282,2018-12-27,493.0
3283,2018-12-28,493.0
3284,2018-12-29,493.0
3285,2018-12-30,488.0
3286,2018-12-31,499.0
3287,2019-01-01,516.0
3288,2019-01-02,497.0
3289,2019-01-03,509.0
3290,2019-01-04,518.0
3291,2019-01-05,518.0
3292,2019-01-06,518.0
3293,2019-01-07,554.0
3294,2019-01-08,554.0
3295,2019-01-09,580.0
3296,2019-01-10,590.0
3297,2019-01-11,610.0
3298,2019-01-12,600.0
3299,2019-01-13,600.0
3300,2019-01-14,586.0
3301,2019-01-15,565.0
3302,2019-01-16,558.0
3303,2019-01-17,573.0
3304,2019-01-18,603.0
3305,2019-01-19,580.0
3306,2019-01-20,580.0
3307,2019-01-21,600.0
3308,2019-01-22,595.0
3309,2019-01-23,595.0
3310,2019-01-24,613.0
3311,2019-01-25,613.0
3312,2019-01-26,608.0
3313,2019-01-27,608.0
3314,2019-01-28,637.0
3315,2019-01-29,669.0
3316,2019-01-30,632.0
3317,2019-01-31,653.0
3318,2019-02-01,648.0
3319,2019-02-02,637.0
3320,2019-02-03,621.0
3321,2019-02-04,645.0
3322,2019-02-05,609.0
3323,2019-02-06,627.0
3324,2019-02-07,607.0
3325,2019-02-08,607.0
3326,2019-02-09,637.0
3327,2019-02-10,593.0
3328,2019-02-11,590.0
3329,2019-02-12,610.0
3330,2019-02-13,626.0
3331,2019-02-14,629.0
3332,2019-02-15,633.0
3333,2019-02-16,597.0
3334,2019-02-17,597.0
3335,2019-02-18,607.0
3336,2019-02-19,600.0
3337,2019-02-20,601.0
3338,2019-02-21,614.0
3339,2019-02-22,584.0
3340,2019-02-23,552.0
3341,2019-02-24,552.0
3342,2019-02-25,586.0
3343,2019-02-26,581.0
3344,2019-02-27,581.0
3345,2019-02-28,583.0
3346,2019-03-01,601.0
3347,2019-03-02,582.0
3348,2019-03-03,580.0
3349,2019-03-04,595.0
3350,2019-03-05,589.0
3351,2019-03-06,579.0
3352,2019-03-07,587.0
3353,2019-03-08,593.0
3354,2019-03-09,591.0
3355,2019-03-10,591.0
3356,2019-03-11,643.0
3357,2019-03-12,644.0
3358,2019-03-13,625.0
3359,2019-03-14,623.0
3360,2019-03-15,648.0
3361,2019-03-16,633.0
3362,2019-03-17,633.0
3363,2019-03-18,653.0
3364,2019-03-19,630.0
3365,2019-03-20,670.0
3366,2019-03-21,691.0
3367,2019-03-22,678.0
3368,2019-03-23,602.0
3369,2019-03-24,602.0
3370,2019-03-25,616.0
3371,2019-03-26,596.0
3372,2019-03-27,590.0
3373,2019-03-28,584.0
3374,2019-03-29,564.0
3375,2019-03-30,548.0
3376,2019-03-31,548.0
3377,2019-04-01,589.0
3378,2019-04-02,644.0
3379,2019-04-03,634.0
3380,2019-04-04,631.0
3381,2019-04-05,657.0
3382,2019-04-06,618.0
3383,2019-04-07,618.0
3384,2019-04-08,626.0
3385,2019-04-09,589.0
3386,2019-04-10,559.0
3387,2019-04-11,564.0
3388,2019-04-12,576.0
3389,2019-04-13,584.0
3390,2019-04-14,571.0
3391,2019-04-15,580.0
3392,2019-04-16,580.0
3393,2019-04-17,625.0
3394,2019-04-18,618.0
3395,2019-04-19,683.0
3396,2019-04-20,683.0
3397,2019-04-21,683.0
3398,2019-04-22,683.0
3399,2019-04-23,679.0
3400,2019-04-24,714.0
3401,2019-04-25,720.0
3402,2019-04-26,738.0
3403,2019-04-27,675.0
3404,2019-04-28,663.0
3405,2019-04-29,693.0
3406,2019-04-30,662.0
3407,2019-05-01,651.0
3408,2019-05-02,666.0
3409,2019-05-03,724.0
3410,2019-05-04,655.0
3411,2019-05-05,634.0
3412,2019-05-06,644.0
3413,2019-05-07,630.0
3414,2019-05-08,630.0
3415,2019-05-09,646.0
3416,2019-05-10,690.0
3417,2019-05-11,669.0
3418,2019-05-12,669.0
3419,2019-05-13,697.0
3420,2019-05-14,675.0
3421,2019-05-15,748.0
3422,2019-05-16,772.0
3423,2019-05-17,792.0
3424,2019-05-18,780.0
3425,2019-05-19,768.0
3426,2019-05-20,803.0
3427,2019-05-21,801.0
3428,2019-05-22,829.0
3429,2019-05-23,793.0
3430,2019-05-24,830.0
3431,2019-05-25,775.0
3432,2019-05-26,775.0
3433,2019-05-27,830.0
3434,2019-05-28,769.0
3435,2019-05-29,749.0
3436,2019-05-30,737.0
3437,2019-05-31,744.0
3438,2019-06-01,708.0
3439,2019-06-02,698.0
3440,2019-06-03,739.0
3441,2019-06-04,766.0
3442,2019-06-05,780.0
3443,2019-06-06,834.0
3444,2019-06-07,885.0
3445,2019-06-08,815.0
3446,2019-06-09,815.0
3447,2019-06-10,811.0
3448,2019-06-11,815.0
3449,2019-06-12,728.0
3450,2019-06-13,710.0
3451,2019-06-14,767.0
3452,2019-06-15,722.0
3453,2019-06-16,724.0
3454,2019-06-17,769.0
3455,2019-06-18,770.0
3456,2019-06-19,773.0
3457,2019-06-20,739.0
3458,2019-06-21,789.0
3459,2019-06-22,735.0
3460,2019-06-23,735.0
3461,2019-06-24,757.0
3462,2019-06-25,763.0
3463,2019-06-26,777.0
3464,2019-06-27,818.0
3465,2019-06-28,840.0
3466,2019-06-29,791.0
3467,2019-06-30,791.0
3468,2019-07-01,791.0
3469,2019-07-02,757.0
3470,2019-07-03,767.0
3471,2019-07-04,766.0
3472,2019-07-05,760.0
3473,2019-07-06,820.0
3474,2019-07-07,820.0
3475,2019-07-08,826.0
3476,2019-07-09,828.0
3477,2019-07-10,816.0
3478,2019-07-11,816.0
3479,2019-07-12,824.0
3480,2019-07-13,803.0
3481,2019-07-14,803.0
3482,2019-07-15,809.0
3483,2019-07-16,829.0
3484,2019-07-17,813.0
3485,2019-07-18,814.0
3486,2019-07-19,856.0
3487,2019-07-20,807.0
3488,2019-07-21,830.0
3489,2019-07-22,858.0
3490,2019-07-23,876.0
3491,2019-07-24,957.0
3492,2019-07-25,896.0
3493,2019-07-26,918.0
3494,2019-07-27,886.0
3495,2019-07-28,886.0
3496,2019-07-29,950.0
3497,2019-07-30,907.0
3498,2019-07-31,907.0
3499,2019-08-01,884.0
3500,2019-08-02,864.0
3501,2019-08-03,813.0
3502,2019-08-04,813.0
3503,2019-08-05,818.0
3504,2019-08-06,819.0
3505,2019-08-07,813.0
3506,2019-08-08,815.0
3507,2019-08-09,815.0
3508,2019-08-10,810.0
3509,2019-08-11,810.0
3510,2019-08-12,810.0
3511,2019-08-13,793.0
3512,2019-08-14,793.0
3513,2019-08-15,811.0
3514,2019-08-16,824.0
3515,2019-08-17,816.0
3516,2019-08-18,816.0
3517,2019-08-19,827.0
3518,2019-08-20,829.0
3519,2019-08-21,814.0
3520,2019-08-22,847.0
3521,2019-08-23,869.0
3522,2019-08-24,845.0
3523,2019-08-25,845.0
3524,2019-08-26,792.0
3525,2019-08-27,784.0
3526,2019-08-28,832.0
3527,2019-08-29,828.0
3528,2019-08-30,828.0
3529,2019-08-31,828.0
3530,2019-09-01,824.0
3531,2019-09-02,939.0
3532,2019-09-03,917.0
3533,2019-09-04,923.0
3534,2019-09-05,894.0
3535,2019-09-06,893.0
3536,2019-09-07,869.0
3537,2019-09-08,879.0
3538,2019-09-09,911.0
3539,2019-09-10,932.0
3540,2019-09-11,911.0
3541,2019-09-12,1018.0
3542,2019-09-13,1084.0
3543,2019-09-14,997.0
3544,2019-09-15,904.0
3545,2019-09-16,935.0
3546,2019-09-17,1053.0
3547,2019-09-18,975.0
3548,2019-09-19,978.0
3549,2019-09-20,976.0
3550,2019-09-21,863.0
3551,2019-09-22,790.0
3552,2019-09-23,917.0
3553,2019-09-24,914.0
3554,2019-09-25,943.0
3555,2019-09-26,846.0
3556,2019-09-27,850.0
3557,2019-09-28,879.0
3558,2019-09-29,879.0
3559,2019-09-30,907.0
3560,2019-10-01,921.0
3561,2019-10-02,920.0
3562,2019-10-03,917.0
3563,2019-10-04,930.0
3564,2019-10-05,937.0
3565,2019-10-06,899.0
3566,2019-10-07,879.0
3567,2019-10-08,892.0
3568,2019-10-09,943.0
3569,2019-10-10,994.0
3570,2019-10-11,939.0
3571,2019-10-12,907.0
3572,2019-10-13,907.0
3573,2019-10-14,936.0
3574,2019-10-15,892.0
3575,2019-10-16,879.0
3576,2019-10-17,925.0
3577,2019-10-18,970.0
3578,2019-10-19,894.0
3579,2019-10-20,894.0
3580,2019-10-21,965.0
3581,2019-10-22,956.0
3582,2019-10-23,922.0
3583,2019-10-24,890.0
3584,2019-10-25,926.0
3585,2019-10-26,857.0
3586,2019-10-27,842.0
3587,2019-10-28,864.0
3588,2019-10-29,816.0
3589,2019-10-30,808.0
3590,2019-10-31,840.0
3591,2019-11-01,899.0
3592,2019-11-02,817.0
3593,2019-11-03,842.0
3594,2019-11-04,871.0
3595,2019-11-05,928.0
3596,2019-11-06,946.0
3597,2019-11-07,859.0
3598,2019-11-08,840.0
3599,2019-11-09,818.0
3600,2019-11-10,818.0
3601,2019-11-11,849.0
3602,2019-11-12,876.0
3603,2019-11-13,842.0
3604,2019-11-14,936.0
3605,2019-11-15,1034.0
3606,2019-11-16,984.0
3607,2019-11-17,984.0
3608,2019-11-18,1117.0
3609,2019-11-19,1049.0
3610,2019-11-20,941.0
3611,2019-11-21,855.0
3612,2019-11-22,990.0
3613,2019-11-23,978.0
3614,2019-11-24,978.0
3615,2019-11-25,991.0
3616,2019-11-26,924.0
3617,2019-11-27,943.0
3618,2019-11-28,914.0
3619,2019-11-29,931.0
3620,2019-11-30,874.0
3621,2019-12-01,871.0
3622,2019-12-02,875.0
3623,2019-12-03,920.0
3624,2019-12-04,941.0
3625,2019-12-05,841.0
3626,2019-12-06,829.0
3627,2019-12-07,793.0
3628,2019-12-08,793.0
3629,2019-12-09,808.0
3630,2019-12-10,815.0
3631,2019-12-11,776.0
3632,2019-12-12,771.0
3633,2019-12-13,813.0
3634,2019-12-14,741.0
3635,2019-12-15,741.0
3636,2019-12-16,743.0
3637,2019-12-17,674.0
3638,2019-12-18,676.0
3639,2019-12-19,697.0
3640,2019-12-20,648.0
3641,2019-12-21,555.0
3642,2019-12-22,555.0
3643,2019-12-23,555.0
3644,2019-12-24,524.0
3645,2019-12-25,524.0
3646,2019-12-26,521.0
3647,2019-12-27,521.0
3648,2019-12-28,521.0
3649,2019-12-29,521.0
3650,2019-12-30,521.0
3651,2019-12-31,521.0
3652,2020-01-01,521.0
3653,2020-01-02,521.0
3654,2020-01-03,540.0
3655,2020-01-04,540.0
3656,2020-01-05,540.0
3657,2020-01-06,563.0
3658,2020-01-07,589.0
3659,2020-01-08,587.0
3660,2020-01-09,595.0
3661,2020-01-10,609.0
3662,2020-01-11,609.0
3663,2020-01-12,609.0
3664,2020-01-13,642.0
3665,2020-01-14,584.0
3666,2020-01-15,603.0
3667,2020-01-16,613.0
3668,2020-01-17,611.0
3669,2020-01-18,571.0
3670,2020-01-19,571.0
3671,2020-01-20,575.0
3672,2020-01-21,601.0
3673,2020-01-22,651.0
3674,2020-01-23,668.0
3675,2020-01-24,658.0
3676,2020-01-25,631.0
3677,2020-01-26,631.0
3678,2020-01-27,643.0
3679,2020-01-28,642.0
3680,2020-01-29,646.0
3681,2020-01-30,647.0
3682,2020-01-31,641.0
3683,2020-02-01,667.0
3684,2020-02-02,628.0
3685,2020-02-03,623.0
3686,2020-02-04,587.0
3687,2020-02-05,675.0
3688,2020-02-06,720.0
3689,2020-02-07,723.0
3690,2020-02-08,723.0
3691,2020-02-09,723.0
3692,2020-02-10,744.0
3693,2020-02-11,753.0
3694,2020-02-12,790.0
3695,2020-02-13,788.0
3696,2020-02-14,786.0
3697,2020-02-15,664.0
3698,2020-02-16,664.0
3699,2020-02-17,689.0
3700,2020-02-18,673.0
3701,2020-02-19,672.0
3702,2020-02-20,695.0
3703,2020-02-21,713.0
3704,2020-02-22,704.0
3705,2020-02-23,704.0
3706,2020-02-24,724.0
3707,2020-02-25,713.0
3708,2020-02-26,728.0
3709,2020-02-27,756.0
3710,2020-02-28,751.0
3711,2020-02-29,647.0
3712,2020-03-01,647.0
3713,2020-03-02,659.0
3714,2020-03-03,704.0
3715,2020-03-04,751.0
3716,2020-03-05,715.0
3717,2020-03-06,715.0
3718,2020-03-07,720.0
3719,2020-03-08,713.0
3720,2020-03-09,736.0
3721,2020-03-10,740.0
3722,2020-03-11,732.0
3723,2020-03-12,769.0
3724,2020-03-13,857.0
3725,2020-03-14,842.0
3726,2020-03-15,839.0
3727,2020-03-16,895.0
3728,2020-03-17,872.0
3729,2020-03-18,873.0
3730,2020-03-19,885.0
3731,2020-03-20,911.0
3732,2020-03-21,856.0
3733,2020-03-22,856.0
3734,2020-03-23,880.0
3735,2020-03-24,879.0
3736,2020-03-25,853.0
3737,2020-03-26,856.0
3738,2020-03-27,896.0
3739,2020-03-28,815.0
3740,2020-03-29,777.0
3741,2020-03-30,799.0
3742,2020-03-31,827.0
3743,2020-04-01,824.0
3744,2020-04-02,802.0
3745,2020-04-03,774.0
3746,2020-04-04,768.0
3747,2020-04-05,768.0
3748,2020-04-06,790.0
3749,2020-04-07,768.0
3750,2020-04-08,778.0
3751,2020-04-09,768.0
3752,2020-04-10,778.0
3753,2020-04-11,724.0
3754,2020-04-12,724.0
3755,2020-04-13,724.0
3756,2020-04-14,746.0
3757,2020-04-15,755.0
3758,2020-04-16,750.0
3759,2020-04-17,803.0
3760,2020-04-18,778.0
3761,2020-04-19,778.0
3762,2020-04-20,819.0
3763,2020-04-21,835.0
3764,2020-04-22,878.0
3765,2020-04-23,882.0
3766,2020-04-24,894.0
3767,2020-04-25,821.0
3768,2020-04-26,811.0
3769,2020-04-27,811.0
3770,2020-04-28,851.0
3771,2020-04-29,875.0
3772,2020-04-30,931.0
3773,2020-05-01,825.0
3774,2020-05-02,702.0
3775,2020-05-03,752.0
3776,2020-05-04,799.0
3777,2020-05-05,792.0
3778,2020-05-06,808.0
3779,2020-05-07,819.0
3780,2020-05-08,823.0
3781,2020-05-09,799.0
3782,2020-05-10,799.0
3783,2020-05-11,909.0
3784,2020-05-12,908.0
3785,2020-05-13,910.0
3786,2020-05-14,916.0
3787,2020-05-15,959.0
3788,2020-05-16,837.0
3789,2020-05-17,851.0
3790,2020-05-18,907.0
3791,2020-05-19,902.0
3792,2020-05-20,905.0
3793,2020-05-21,837.0
3794,2020-05-22,881.0
3795,2020-05-23,844.0
3796,2020-05-24,845.0
3797,2020-05-25,907.0
3798,2020-05-26,953.0
3799,2020-05-27,863.0
3800,2020-05-28,828.0
3801,2020-05-29,905.0
3802,2020-05-30,911.0
3803,2020-05-31,851.0
3804,2020-06-01,851.0
3805,2020-06-02,861.0
3806,2020-06-03,844.0
3807,2020-06-04,841.0
3808,2020-06-05,894.0
3809,2020-06-06,866.0
3810,2020-06-07,841.0
3811,2020-06-08,930.0
3812,2020-06-09,875.0
3813,2020-06-10,861.0
3814,2020-06-11,855.0
3815,2020-06-12,820.0
3816,2020-06-13,883.0
3817,2020-06-14,875.0
3818,2020-06-15,932.0
3819,2020-06-16,920.0
3820,2020-06-17,952.0
3821,2020-06-18,945.0
3822,2020-06-19,945.0
3823,2020-06-20,884.0
3824,2020-06-21,884.0
3825,2020-06-22,1033.0
3826,2020-06-23,1054.0
3827,2020-06-24,1033.0
3828,2020-06-25,1035.0
3829,2020-06-26,1053.0
3830,2020-06-27,992.0
3831,2020-06-28,976.0
3832,2020-06-29,989.0
3833,2020-06-30,958.0
3834,2020-07-01,1035.0
3835,2020-07-02,1011.0
3836,2020-07-03,1033.0
3837,2020-07-04,1000.0
3838,2020-07-05,1000.0
3839,2020-07-06,1087.0
3840,2020-07-07,1053.0
3841,2020-07-08,1140.0
3842,2020-07-09,1140.0
3843,2020-07-10,1132.0
3844,2020-07-11,1039.0
3845,2020-07-12,1059.0
3846,2020-07-13,1133.0
3847,2020-07-14,1114.0
3848,2020-07-15,1025.0
3849,2020-07-16,990.0
3850,2020-07-17,1055.0
3851,2020-07-18,1005.0
3852,2020-07-19,984.0
3853,2020-07-20,1017.0
3854,2020-07-21,953.0
3855,2020-07-22,908.0
3856,2020-07-23,900.0
3857,2020-07-24,881.0
3858,2020-07-25,838.0
3859,2020-07-26,838.0
3860,2020-07-27,838.0
3861,2020-07-28,836.0
3862,2020-07-29,856.0
3863,2020-07-30,834.0
3864,2020-07-31,831.0
3865,2020-08-01,760.0
3866,2020-08-02,760.0
3867,2020-08-03,762.0
3868,2020-08-04,774.0
3869,2020-08-05,771.0
3870,2020-08-06,778.0
3871,2020-08-07,815.0
3872,2020-08-08,813.0
3873,2020-08-09,813.0
3874,2020-08-10,829.0
3875,2020-08-11,825.0
3876,2020-08-12,822.0
3877,2020-08-13,832.0
3878,2020-08-14,823.0
3879,2020-08-15,807.0
3880,2020-08-16,807.0
3881,2020-08-17,870.0
3882,2020-08-18,864.0
3883,2020-08-19,874.0
3884,2020-08-20,879.0
3885,2020-08-21,917.0
3886,2020-08-22,916.0
3887,2020-08-23,893.0
3888,2020-08-24,939.0
3889,2020-08-25,999.0
3890,2020-08-26,973.0
3891,2020-08-27,980.0
3892,2020-08-28,1079.0
3893,2020-08-29,1055.0
3894,2020-08-30,983.0
3895,2020-08-31,1010.0
3896,2020-09-01,994.0
3897,2020-09-02,951.0
3898,2020-09-03,949.0
3899,2020-09-04,1016.0
3900,2020-09-05,995.0
3901,2020-09-06,995.0
3902,2020-09-07,1020.0
3903,2020-09-08,1031.0
3904,2020-09-09,1026.0
3905,2020-09-10,1125.0
3906,2020-09-11,1121.0
3907,2020-09-12,1027.0
3908,2020-09-13,1027.0
3909,2020-09-14,1058.0
3910,2020-09-15,1100.0
3911,2020-09-16,1062.0
3912,2020-09-17,1075.0
3913,2020-09-18,1100.0
3914,2020-09-19,1088.0
3915,2020-09-20,1074.0
3916,2020-09-21,1109.0
3917,2020-09-22,1090.0
3918,2020-09-23,1098.0
3919,2020-09-24,1115.0
3920,2020-09-25,1027.0
3921,2020-09-26,994.0
3922,2020-09-27,982.0
3923,2020-09-28,1037.0
3924,2020-09-29,1048.0
3925,2020-09-30,1037.0
3926,2020-10-01,1030.0
3927,2020-10-02,1003.0
3928,2020-10-03,981.0
3929,2020-10-04,981.0
3930,2020-10-05,1045.0
3931,2020-10-06,1046.0
3932,2020-10-07,1035.0
3933,2020-10-08,1056.0
3934,2020-10-09,1114.0
3935,2020-10-10,945.0
3936,2020-10-11,925.0
3937,2020-10-12,949.0
3938,2020-10-13,954.0
3939,2020-10-14,950.0
3940,2020-10-15,952.0
3941,2020-10-16,1010.0
3942,2020-10-17,982.0
3943,2020-10-18,976.0
3944,2020-10-19,1062.0
3945,2020-10-20,1079.0
3946,2020-10-21,1059.0
3947,2020-10-22,1071.0
3948,2020-10-23,1090.0
3949,2020-10-24,1023.0
3950,2020-10-25,982.0
3951,2020-10-26,1021.0
3952,2020-10-27,1000.0
3953,2020-10-28,1038.0
3954,2020-10-29,1035.0
3955,2020-10-30,989.0
3956,2020-10-31,1017.0
3957,2020-11-01,1017.0
3958,2020-11-02,1081.0
3959,2020-11-03,1047.0
3960,2020-11-04,1042.0
3961,2020-11-05,1007.0
3962,2020-11-06,982.0
3963,2020-11-07,905.0
3964,2020-11-08,888.0
3965,2020-11-09,931.0
3966,2020-11-10,940.0
3967,2020-11-11,932.0
3968,2020-11-12,955.0
3969,2020-11-13,923.0
3970,2020-11-14,840.0
3971,2020-11-15,829.0
3972,2020-11-16,886.0
3973,2020-11-17,894.0
3974,2020-11-18,907.0
3975,2020-11-19,907.0
3976,2020-11-20,932.0
3977,2020-11-21,874.0
3978,2020-11-22,874.0
3979,2020-11-23,949.0
3980,2020-11-24,962.0
3981,2020-11-25,942.0
3982,2020-11-26,958.0
3983,2020-11-27,962.0
3984,2020-11-28,873.0
3985,2020-11-29,854.0
3986,2020-11-30,892.0
3987,2020-12-01,902.0
3988,2020-12-02,884.0
3989,2020-12-03,886.0
3990,2020-12-04,889.0
3991,2020-12-05,795.0
3992,2020-12-06,795.0
3993,2020-12-07,818.0
3994,2020-12-08,850.0
3995,2020-12-09,813.0
3996,2020-12-10,762.0
3997,2020-12-11,783.0
3998,2020-12-12,744.0
3999,2020-12-13,744.0
4000,2020-12-14,748.0
4001,2020-12-15,753.0
4002,2020-12-16,746.0
4003,2020-12-17,811.0
4004,2020-12-18,771.0
4005,2020-12-19,619.0
4006,2020-12-20,619.0
4007,2020-12-21,634.0
4008,2020-12-22,594.0
4009,2020-12-23,581.0
4010,2020-12-24,581.0
4011,2020-12-25,581.0
4012,2020-12-26,581.0
4013,2020-12-27,581.0
4014,2020-12-28,581.0
4015,2020-12-29,581.0
4016,2020-12-30,581.0
4017,2020-12-31,581.0
4018,2021-01-01,581.0
4019,2021-01-02,581.0
4020,2021-01-03,581.0
4021,2021-01-04,598.0
4022,2021-01-05,606.0
4023,2021-01-06,606.0
4024,2021-01-07,610.0
4025,2021-01-08,611.0
4026,2021-01-09,606.0
4027,2021-01-10,622.0
4028,2021-01-11,655.0
4029,2021-01-12,641.0
4030,2021-01-13,641.0
4031,2021-01-14,648.0
4032,2021-01-15,653.0
4033,2021-01-16,622.0
4034,2021-01-17,622.0
4035,2021-01-18,671.0
4036,2021-01-19,671.0
4037,2021-01-20,657.0
4038,2021-01-21,685.0
4039,2021-01-22,685.0
4040,2021-01-23,644.0
4041,2021-01-24,664.0
4042,2021-01-25,706.0
4043,2021-01-26,690.0
4044,2021-01-27,717.0
4045,2021-01-28,733.0
4046,2021-01-29,713.0
4047,2021-01-30,669.0
4048,2021-01-31,669.0
4049,2021-02-01,717.0
4050,2021-02-02,722.0
4051,2021-02-03,738.0
4052,2021-02-04,702.0
4053,2021-02-05,693.0
4054,2021-02-06,693.0
4055,2021-02-07,693.0
4056,2021-02-08,725.0
4057,2021-02-09,711.0
4058,2021-02-10,711.0
4059,2021-02-11,714.0
4060,2021-02-12,714.0
4061,2021-02-13,714.0
4062,2021-02-14,714.0
4063,2021-02-15,730.0
4064,2021-02-16,747.0
4065,2021-02-17,762.0
4066,2021-02-18,775.0
4067,2021-02-19,772.0
4068,2021-02-20,763.0
4069,2021-02-21,784.0
4070,2021-02-22,776.0
4071,2021-02-23,779.0
4072,2021-02-24,829.0
4073,2021-02-25,794.0
4074,2021-02-26,783.0
4075,2021-02-27,744.0
4076,2021-02-28,744.0
4077,2021-03-01,778.0
4078,2021-03-02,768.0
4079,2021-03-03,892.0
4080,2021-03-04,936.0
4081,2021-03-05,850.0
4082,2021-03-06,810.0
4083,2021-03-07,793.0
4084,2021-03-08,883.0
4085,2021-03-09,904.0
4086,2021-03-10,879.0
4087,2021-03-11,828.0
4088,2021-03-12,848.0
4089,2021-03-13,783.0
4090,2021-03-14,783.0
4091,2021-03-15,820.0
4092,2021-03-16,816.0
4093,2021-03-17,814.0
4094,2021-03-18,834.0
4095,2021-03-19,793.0
4096,2021-03-20,763.0
4097,2021-03-21,763.0
4098,2021-03-22,802.0
4099,2021-03-23,797.0
4100,2021-03-24,824.0
4101,2021-03-25,801.0
4102,2021-03-26,820.0
4103,2021-03-27,789.0
4104,2021-03-28,813.0
4105,2021-03-29,826.0
4106,2021-03-30,877.0
4107,2021-03-31,863.0
4108,2021-04-01,766.0
4109,2021-04-02,751.0
4110,2021-04-03,703.0
4111,2021-04-04,703.0
4112,2021-04-05,703.0
4113,2021-04-06,792.0
4114,2021-04-07,780.0
4115,2021-04-08,759.0
4116,2021-04-09,762.0
4117,2021-04-10,747.0
4118,2021-04-11,747.0
4119,2021-04-12,786.0
4120,2021-04-13,766.0
4121,2021-04-14,760.0
4122,2021-04-15,737.0
4123,2021-04-16,868.0
4124,2021-04-17,796.0
4125,2021-04-18,796.0
4126,2021-04-19,801.0
4127,2021-04-20,749.0
4128,2021-04-21,702.0
4129,2021-04-22,693.0
4130,2021-04-23,693.0
4131,2021-04-24,656.0
4132,2021-04-25,656.0
4133,2021-04-26,659.0
4134,2021-04-27,653.0
4135,2021-04-28,692.0
4136,2021-04-29,721.0
4137,2021-04-30,775.0
4138,2021-05-01,743.0
4139,2021-05-02,743.0
4140,2021-05-03,796.0
4141,2021-05-04,818.0
4142,2021-05-05,782.0
4143,2021-05-06,769.0
4144,2021-05-07,821.0
4145,2021-05-08,731.0
4146,2021-05-09,731.0
4147,2021-05-10,770.0
4148,2021-05-11,734.0
4149,2021-05-12,737.0
4150,2021-05-13,699.0
4151,2021-05-14,729.0
4152,2021-05-15,729.0
4153,2021-05-16,727.0
4154,2021-05-17,809.0
4155,2021-05-18,815.0
4156,2021-05-19,811.0
4157,2021-05-20,784.0
4158,2021-05-21,774.0
4159,2021-05-22,720.0
4160,2021-05-23,720.0
4161,2021-05-24,720.0
4162,2021-05-25,860.0
4163,2021-05-26,804.0
4164,2021-05-27,833.0
4165,2021-05-28,819.0
4166,2021-05-29,788.0
4167,2021-05-30,788.0
4168,2021-05-31,809.0
4169,2021-06-01,703.0
4170,2021-06-02,714.0
4171,2021-06-03,742.0
4172,2021-06-04,727.0
4173,2021-06-05,706.0
4174,2021-06-06,706.0
4175,2021-06-07,790.0
4176,2021-06-08,801.0
4177,2021-06-09,796.0
4178,2021-06-10,799.0
4179,2021-06-11,808.0
4180,2021-06-12,780.0
4181,2021-06-13,780.0
4182,2021-06-14,879.0
4183,2021-06-15,987.0
4184,2021-06-16,979.0
4185,2021-06-17,1177.0
4186,2021-06-18,1209.0
4187,2021-06-19,1154.0
4188,2021-06-20,1154.0
4189,2021-06-21,1203.0
4190,2021-06-22,1088.0
4191,2021-06-23,1129.0
4192,2021-06-24,1095.0
4193,2021-06-25,1254.0
4194,2021-06-26,1187.0
4195,2021-06-27,1187.0
4196,2021-06-28,1228.0
4197,2021-06-29,1177.0
4198,2021-06-30,1157.0
4199,2021-07-01,1157.0
4200,2021-07-02,1161.0
4201,2021-07-03,1113.0
4202,2021-07-04,1113.0
4203,2021-07-05,1168.0
4204,2021-07-06,1154.0
4205,2021-07-07,1198.0
4206,2021-07-08,1128.0
4207,2021-07-09,1135.0
4208,2021-07-10,1016.0
4209,2021-07-11,1016.0
4210,2021-07-12,1057.0
4211,2021-07-13,1065.0
4212,2021-07-14,1073.0
4213,2021-07-15,1037.0
4214,2021-07-16,1056.0
4215,2021-07-17,1099.0
4216,2021-07-18,1075.0
4217,2021-07-19,1128.0
4218,2021-07-20,1078.0
4219,2021-07-21,1092.0
4220,2021-07-22,1094.0
4221,2021-07-23,1092.0
4222,2021-07-24,1061.0
4223,2021-07-25,1061.0
4224,2021-07-26,1024.0
4225,2021-07-27,871.0
4226,2021-07-28,866.0
4227,2021-07-29,861.0
4228,2021-07-30,866.0
4229,2021-07-31,801.0
4230,2021-08-01,801.0
4231,2021-08-02,792.0
4232,2021-08-03,748.0
4233,2021-08-04,748.0
4234,2021-08-05,739.0
4235,2021-08-06,720.0
4236,2021-08-07,697.0
4237,2021-08-08,679.0
4238,2021-08-09,685.0
4239,2021-08-10,685.0
4240,2021-08-11,685.0
4241,2021-08-12,685.0
4242,2021-08-13,685.0
4243,2021-08-14,685.0
4244,2021-08-15,685.0
4245,2021-08-16,696.0
4246,2021-08-17,684.0
4247,2021-08-18,694.0
4248,2021-08-19,720.0
4249,2021-08-20,779.0
4250,2021-08-21,769.0
4251,2021-08-22,769.0
4252,2021-08-23,786.0
4253,2021-08-24,773.0
4254,2021-08-25,781.0
4255,2021-08-26,781.0
4256,2021-08-27,789.0
4257,2021-08-28,779.0
4258,2021-08-29,779.0
4259,2021-08-30,826.0
4260,2021-08-31,807.0
4261,2021-09-01,841.0
4262,2021-09-02,852.0
4263,2021-09-03,834.0
4264,2021-09-04,833.0
4265,2021-09-05,753.0
4266,2021-09-06,764.0
4267,2021-09-07,764.0
4268,2021-09-08,774.0
4269,2021-09-09,789.0
4270,2021-09-10,835.0
4271,2021-09-11,837.0
4272,2021-09-12,828.0
4273,2021-09-13,865.0
4274,2021-09-14,827.0
4275,2021-09-15,865.0
4276,2021-09-16,857.0
4277,2021-09-17,877.0
4278,2021-09-18,836.0
4279,2021-09-19,783.0
4280,2021-09-20,812.0
4281,2021-09-21,813.0
4282,2021-09-22,815.0
4283,2021-09-23,805.0
4284,2021-09-24,779.0
4285,2021-09-25,789.0
4286,2021-09-26,789.0
4287,2021-09-27,844.0
4288,2021-09-28,841.0
4289,2021-09-29,825.0
4290,2021-09-30,815.0
4291,2021-10-01,835.0
4292,2021-10-02,802.0
4293,2021-10-03,802.0
4294,2021-10-04,856.0
4295,2021-10-05,863.0
4296,2021-10-06,849.0
4297,2021-10-07,881.0
4298,2021-10-08,897.0
4299,2021-10-09,839.0
4300,2021-10-10,841.0
4301,2021-10-11,898.0
4302,2021-10-12,840.0
4303,2021-10-13,845.0
4304,2021-10-14,819.0
4305,2021-10-15,856.0
4306,2021-10-16,776.0
4307,2021-10-17,776.0
4308,2021-10-18,819.0
4309,2021-10-19,807.0
4310,2021-10-20,821.0
4311,2021-10-21,843.0
4312,2021-10-22,877.0
4313,2021-10-23,839.0
4314,2021-10-24,839.0
4315,2021-10-25,890.0
4316,2021-10-26,831.0
4317,2021-10-27,831.0
4318,2021-10-28,835.0
4319,2021-10-29,846.0
4320,2021-10-30,815.0
4321,2021-10-31,815.0
4322,2021-11-01,906.0
4323,2021-11-02,912.0
4324,2021-11-03,907.0
4325,2021-11-04,899.0
4326,2021-11-05,905.0
4327,2021-11-06,828.0
4328,2021-11-07,828.0
4329,2021-11-08,850.0
4330,2021-11-09,824.0
4331,2021-11-10,799.0
4332,2021-11-11,797.0
4333,2021-11-12,740.0
4334,2021-11-13,703.0
4335,2021-11-14,695.0
4336,2021-11-15,723.0
4337,2021-11-16,736.0
4338,2021-11-17,743.0
4339,2021-11-18,748.0
4340,2021-11-19,732.0
4341,2021-11-20,687.0
4342,2021-11-21,684.0
4343,2021-11-22,687.0
4344,2021-11-23,708.0
4345,2021-11-24,738.0
4346,2021-11-25,724.0
4347,2021-11-26,728.0
4348,2021-11-27,684.0
4349,2021-11-28,684.0
4350,2021-11-29,745.0
4351,2021-11-30,709.0
4352,2021-12-01,715.0
4353,2021-12-02,718.0
4354,2021-12-03,783.0
4355,2021-12-04,723.0
4356,2021-12-05,723.0
4357,2021-12-06,735.0
4358,2021-12-07,742.0
4359,2021-12-08,727.0
4360,2021-12-09,714.0
4361,2021-12-10,727.0
4362,2021-12-11,708.0
4363,2021-12-12,705.0
4364,2021-12-13,728.0
4365,2021-12-14,748.0
4366,2021-12-15,739.0
4367,2021-12-16,789.0
4368,2021-12-17,767.0
4369,2021-12-18,669.0
4370,2021-12-19,669.0
4371,2021-12-20,669.0
4372,2021-12-21,625.0
4373,2021-12-22,620.0
4374,2021-12-23,511.0
4375,2021-12-24,472.0
4376,2021-12-25,442.0
4377,2021-12-26,442.0
4378,2021-12-27,442.0
4379,2021-12-28,442.0
4380,2021-12-29,442.0
4381,2021-12-30,442.0
4382,2021-12-31,442.0
4383,2022-01-01,442.0
